market,happens,change,reach,selection
back-office,knowledge,pull,tell,change
question,change,answer,thing,butnone
advantage,desire,point,example,emphasis
quality,impact,concept,approach,paradigm
today,part,auto-makers,quality,aspect
suppose,thing,someone,something,everything
advantage,number,success,partnership,auto
manufacturing,part,service,supplier,product
innovate,mind,innovation,source,marketplace
e-commerce,consumer,deal,risk,transaction
objective,responsibility,interest,‘,advantage
way,complementors,exception,withcustomers,—
decade,variety,advantage,importance,fact
need,fact,anything,something,thing
choice,business,initiative,move,infrastructure
millennium,labor,deal,employer,anomaly
company,effort,time,business-to-customer,—
—,change,time-to-market,e-commerce,axline
move,force,value,proposition,number
decade,become,year,technology,people
relationship,customer,business,problem,example
single-use,year,time,quicksnap,success
today,way,attention,business,use
year,problem,today,decade,japanophobia
change,board,proportion,time,attention
expert,—,fact,deliver,people
company,—,decade,improvement,business
decade,quality,market,product,customer
fact,life,time,need,way
aconsensus,tomorrow,production,world,argue
internet,promise,marketplace,market,benefit
number,change,—,offering,technology
internal-governance,governance,refers,debate,example
people,grab,part,—,perspective
idea,way,success,creation,thanks
way,—,information,store,specialty
possibility,focus,prahalad,opin-ions,life
approach,history,way,culture,respect
decade,good,example,year,explanation
time,improvement,way,problem,part
surprise,—,vanhamme,use,frequent-user
year,considers,good,context,decision
business,opportunity,attention,company,need
general,point,identify,vis-à-vis,influence
company,consolidation,distributor,manufacturer,approach
question,buy-outs,help,job,chance
brand,asset,company,product,manager
work,—and,everything,—,today
everyone,perspective,step,world,focus
way,advantage,success,expectation,idea
manage,knowledge,success,future,advantage
nohria,consequence,circumstance,answer,differs
quality,service,improvement,service-quality,argue
everything,—,responsibility,resource,information
job,time,variety,sector,knowledge
success,hewlett-packard,change,benefit,improvement
company,product,concept,end,time
insight,question,move,strategy,success
supply,chain,collaborate,result,move
m-commerce,promise,way,people,life
course,procrustes,dispute,way,today
product,example,time,life,need
advantage,example,impact,result,addition
change,fail,reason,chance,success
couple,boundaryless,decision,accountability,change
reason,decision,—,least,example
innovation,introduction,shift,way,level
sustain,issue,effort,addition,success
dilemma,know,time,shift,point
year,example,—,relationship,extent
month,adequate,need,information,start
country,world,time,change,relationship
business,company,technology,effort,partner
consideration,happens,respect,example,thinking
therefore,issue,shift,life-style,change
life,way,kind,development,purpose
concept,number,approach,—,believing
decade,today,time,improvement,auto
company,others,business,question,problem
benefit,us,business,change,success
situation,making,problem,circumstance,others
effort,—,renaissance—,everything,issue
anyone,need,way,use,lot
effort,lack,future,year,risk
benefit,people,show,question,problem
variety,others,topic,technology,mean
—,thinking,seek,selection,experience
today,importance,issue,reason,experience
work,currall,—,teasley,perspective
today,opportunity,emphasis,part,potential
example,improvement,decision,attempt,way
product,time,inventory,course,problem
company,time,effort,—,vision
past,decade,industry,equipment—technology,operation
learn,try,fail,explanation,concept
trade,show,sense,year,do
company,advantage,business,customer,question
sense,industry,experience,task,team
community,attention,relationship,brand,site
information,—,anticipate,vendor,reason
knowledge,company,commercial-services,service,experience
people,variety,assumption,price,example
job,land,example,kind,see
point,information-technology,system,promise,picture
imagine,day,way,change,difference
advantage,knew,offer,get,result
growth,management,kind,knowledge,right
integration,—,decision,help,integrate
year,improvement,something,work,way
product,distributor,supplier,sense,hewlett-packard
part,opportunity,year,advantage,success
moment,—,internet-stock,question,stock
satisfaction,customer,customer-satisfaction
decade,thing,organization,people,initiative
founder-run,company,board,—,l
change,rockart,consequence,suggest,reason
idea,ignore,advantage,course,note
product,way,life-cycle,cost,price
result,reflect,change,example,idea
—,responsibility,time,example,solve
addition,change,look,opportunity,focus
lot,problem,regard,example,asserts
school,student,minute,hour,day
customer,people,work,job,effort
anyone,idea,focus,time,start
effort,success,approach,way,knowledge
group,idea,setting,variety,topic
explanation,example,slength,customer,relation
idea,job,aim,problem,approach
approach,problem,mean,others,mind
become,concept,success,idea,mistake
increase,share,part,accusation,assertion
change,success,conjunction,market,attention
—,benefit,progress,mean,idea
work,need,experience,knowledge,majority
place,decision,move,decision-making,example
decision,problem,cause,course,choice
benefit,change,job,outcome,eliminate
part,importance,therefore,opportunity,management
today,company,value,dilemma,business
need,focus,importance,change,—capability
change,others,expertise,approach,context
success,technology,answer,experience,example
jean-paul,problem,use,year,part
decade,need,issue,use,answer
discussion,kiechel,year,—,conversation
decade,year,management,thinking,breakthrough
knowledge,advise,expertise,solve,problem
focus,one,quality,example,—
world,executive,move,year,develop
way,cost,something,product,price
mass,customization,way,variety,instance
year,mystery,marshall,line,time
wertenbroch,skiera,introduce,explain,use
place,potential,felt,hour,people
one,knowledge,initiate,management,understand
time,taiichi,others,use,exception
decision,question,focus,right,advantage
variety,number,part,product,—
learning,failure,reality,high-pressure,situation
internet,business,life,fear,company
trouble,way,avoid,regard,idea
importance,company,effort,customer,out-think
create,advantage,time,use,variety
portal,record,click,visitor,data
world,change,company,strategy,opportunity
back-office,need,example,way,mean
—,knowledge,experience,context,decision
information,deal,initiative,knowledge,success
time,today,answer,people,success
—,problem,change,choice,—and
world,setting,time,year,right-hand
today,knowledge,—,situation,mistake
day,number,point,result,suggest
year,competition,—,advantage,fact
discussion,issue,promise,people,—regardless
relationship,opportunity,option,advantage,insight
life,information,business,change,shift
way,truly,work,—,new-product
part,industry,change,approach,term
event,change,market,position,example
experience,product,difference,success,benefit
plethora,change,end,term,moreover
place,change,part,option,idea
way,business,performance,use,information
everyone,consequence,approach,building,part
question,advantage,product,market,—
something,attitude,life,affect,work
change,age,schumpeter,one,beginning
night,colatriano,home,hour,time
one,future,time,differs,respect
part,inventory,opportunity,knowledge,experience
information,product,include,knowledge,term
decision,succession,success,wonder,choice
advance,job,opportunity,number,group
hand,influence,effort,trust,respect
consequence,problem,success,chain,interest
today,change,business,offer,simple
basis,quality,deal,attention,example
—were,question,day,word,kind
market-to-book,know-how,benefit,result,mean
product,discussion,issue,people,need
quality,information,success,belief,general
dry-goods,kemmerer,time,success,help
year,information,knowledge,data,—
year,business,focus,—,dot-com
attention,knowledge,work,people,worker
information,threat,success,saving,deal
time,one,—,issue,help
deal,zaleznik,part,fayol,others
fine,time,job,decision,intent
change,effort,issue,idea,concern
wal-mart,com,resource,venture,reason
year,change,today,problem,surprise
target,notion,approach,cost,reduction
difference,success,effort,metaproblem,issue
need,attitude,quality,influence,instance
methodology,issue,time,help,suggestion
question,type,kind,implication,describe
year,business,day,customer,representative
approach,answer,help,question,advantage
managing,promise,article,thought,management
obligation,control,time,pollution,everyone
making,let,nothing,thinking,anything
trouble,hope,management,effort,change
today,use,example,advantage,good
way,impact,discussion,help,result
consider,approach,preference,explain,half
merger,takeover,result,investment,advantage
process,company,need,—,hope
customer,ability,product,result,expectation
baldrige,high-quality,product,way,answer
computer,change,time,approach,mini-computers
author,chasm,world,product,book
anything,today,change,shift,year
commerce,anything,e-commerce,turn,buyer
speed-to-market,—,—reflect,change,way
company,conduct,business,force,style
return,policy,commitment,manufacturer,service
mean,end,objective,argument,way
part,co-evolution,implies,idea,people
change,demand,shift,assumption,choice
today,suffer,work,thing,problem
time,information,reality,market,product
—,existence,learning,objective,others
tell,fact,knowledge,today,people
decade,become,problem,people,expectation
customer,waste-collection,service,satisfaction,business
couple,company,announcement,day,firm
concern,worker,problem,encompass,use
information,benefit,time,move,capability
change,way,finding,expectation,question
decade,advantage,ability,high-quality,part
admit,colleague,uncertainty,issue,market
someone,change,multi-issue,issue,importance
investor,asset,market,firm,way
risk,top-of-mind,consideration,change,time
quality,relationship,instance,success,variety
reason,focus,people,matter,attention
business,company,price,cost,customer
technology,reality,others,situation,become
consideration,company,decision,people,cost
goolsbee,bricks-and-mortar,—
company,customer,change,mean,matter
relationship,promise,expectation,attention,people
demand,question,strategy,distinguishes,example
mean,bring,get,way,everyone
business,organization,company,kind,environment
doubt,mind,kind,question,let
quality,product,development,part,qfd
problem,question,cost/benefit,issue,describe
information,year,addition,people,face
trading,addition,variety,part,way
year,good,attention,begin,—
hour,way,others,people,effort
—,instance,good,work,mistake
product,time,market,—,majority
way,kenan-flagler,determine,opportunity,change
supply,day,trouble,effort,manage
know,—,people,kind,year
attention,business,performance,world,discussion
importance,advantage,need,decision,focus
company,hand,integration,kind,decade
difficulty,confidence,consequence,opinion,people
organization,time,way,relation,people
product,time,thought,problem,effort
morning,year,mail,day,delivers
service,relationship,unit,business,partner
company,majority,innovation,service,demand
information,use,show,benefit,term
stand,change,—,society,shift
time,—,hand,point,e-commerce
—,tomorrow,spring,time,change
change,problem,moreover,quality,turn
change,feeling,year,generation,consequence
cross-border,number,deal,—,day
—,decade,part,approach,way
hour,way,auto,improvement,example
debate,attention,something,focus,—
service,industry,potential,function,value
change,today,decision,trade-off,people
context,others,time,juran,see
space,thing,work,time,concept
example,hand,benefit,opportunity,cut
company,year,price-fixing,business,prosecution
year,business,product,customer,company
knowledge,lesson,way,note,expert
year,today,example,vendor,deal
interest,importance,question,learning,term
advance,today,technique,customer,concept
debate,shift,good,influence,way
change,business,—,importance,present
year,two-thirds,call,idea,set
year,world-class,competition,way,cost
office,work,notion,place,someone
individual,work,problem,get,fact
mess,example,approach,problem,fact
day,notion,—,bargainfinder,matter
example,quality,—,use,choice
frenzy,company,strategy,internet,effort
year,instance,effort,hour,change
move,information,knowledge,force,success
change,debate,choice,example,assumes
way,concern,time,tends,latter
brand,suggest,—,instance,price
day,necessity,run,management,involvement
change,everything,year,today,offering
decade,cash,idea,need,thing
phar-mor,earnings,finerty,profit-sharing,part
year,anyone,e-commerce,—,consider
person,—,therefore,question,issue
maintain,effort,assumption,right,example
deal,attention,approach,example,success
information,create,advantage,experience,contribution
combination,manufacturing,price-performance,issue,approach
interest,idea,benefit,way,year
decade,effort,information,data,example
today,expectation,demand,part,dilemma
today,attitude,money,number,employee
partnership,attention,auto-makers,relationship,result
year,right,risk,people,success
being,teach,talk,individual,others
customer,expectation,service,perception,way
service,supply,chain,success,approach
compare,success,faith,advantage,example
impact,example,see,decade,drop
year,people,mind,focus,attempt
time,account,people,key-account,matter
—,way,product,offering,others
half,attention,problem,day,cost
choice,company,information,individual,number
software,part,result,today,general
change,possibility,knowledge,profound,course
approach,allow,benefit,way,expand
trade,promotion,good,fact,trade-promotion
decade,virtue,information,advantage,today
year,schumpeter,attention,doubt,combination
multibusiness,imperative,business,success,company
quality,dictate,example,time,month
market,growth,opportunity,world,potential
describing,order,time,something,expectation
refers,approach,trukese,course,—
example,part,increase,purchaser,market
company,change,importance,relevance,result
product,variety,demand,manufacturer,organization
idea,stand,try,future,evaluate
result,—,principle,today,advantage
leadership,ability,subordinate,course,effort
—,learning,people,conversation,cause
high-technology,product,variety,customization,deliver
time,product,good,version,year
