('product', 728)
('company', 620)
('firm', 500)
('manager', 499)
('process', 489)
('customer', 476)
('organization', 474)
('market', 471)
('technology', 443)
('system', 384)
('strategy', 363)
('time', 340)
('change', 312)
('cost', 299)
('group', 298)
('business', 279)
('example', 277)
('information', 277)
('service', 273)
('industry', 270)
('sale', 263)
('management', 251)
('model', 242)
('supplier', 238)
('percent', 233)
('problem', 233)
('data', 232)
('level', 230)
('decision', 229)
('way', 216)
('work', 207)
('quality', 199)
('production', 195)
('people', 195)
('idea', 194)
('analysis', 193)
('development', 184)
('—', 181)
('consumer', 172)
('case', 169)
('investment', 166)
('effort', 166)
('subsidiary', 165)
('vendor', 161)
('design', 159)
('resource', 156)
('performance', 152)
('plant', 151)
('number', 150)
('unit', 150)
('program', 148)
('software', 147)
('team', 147)
('relationship', 147)
('year', 145)
('capability', 145)
('leader', 143)
('price', 142)
('value', 141)
('result', 135)
('order', 133)
('family', 132)
('approach', 131)
('part', 130)
('project', 130)
('label', 130)
('advantage', 123)
('share', 122)
('practice', 121)
('employee', 120)
('environment', 119)
('integration', 119)
('chain', 117)
('state', 115)
('need', 114)
('risk', 114)
('manufacturer', 114)
('competitor', 113)
('issue', 111)
('country', 111)
('marketing', 110)
('contract', 110)
('opportunity', 109)
('activity', 107)
('action', 107)
('use', 106)
('structure', 103)
('innovation', 101)
('measure', 101)
('situation', 101)
('category', 99)
('worker', 99)
('implementation', 98)
('improvement', 97)
('figure', 97)
('variability', 97)
('term', 96)
('member', 95)
('research', 94)
('success', 93)
('manufacturing', 93)
('support', 93)
('benefit', 92)
('control', 91)
('study', 90)
('learning', 90)
('cycle', 89)
('source', 89)
('area', 89)
('computer', 89)
('tool', 89)
('supply', 89)
('adoption', 87)
('brand', 86)
('role', 86)
('experience', 84)
('policy', 84)
('difference', 82)
('world', 81)
('job', 81)
('others', 80)
('line', 80)
('task', 80)
('application', 79)
('effect', 78)
('point', 78)
('assumption', 78)
('office', 78)
('period', 77)
('image', 77)
('goal', 77)
('methodology', 77)
('executive', 76)
('individual', 76)
('demand', 75)
('skill', 75)
('obligation', 75)
('force', 74)
('rate', 74)
('operation', 73)
('function', 73)
('distribution', 72)
('core', 72)
('engineering', 71)
('question', 71)
('segment', 70)
('stage', 70)
('standard', 69)
('competition', 69)
('bank', 69)
('response', 69)
('ability', 68)
('method', 68)
('inventory', 68)
('department', 66)
('reason', 65)
('knowledge', 65)
('asset', 65)
('execution', 65)
('conflict', 65)
('condition', 64)
('leadership', 64)
('power', 63)
('semiconductor', 63)
('network', 62)
('party', 62)
('day', 61)
('view', 61)
('anxiety', 60)
('rule', 59)
('head', 59)
('importance', 58)
('capacity', 58)
('component', 58)
('consultant', 57)
('fact', 57)
('variety', 57)
('increase', 57)
('requirement', 57)
('kind', 57)
('life', 56)
('position', 56)
('government', 56)
('flexibility', 56)
('course', 54)
('equipment', 54)
('factor', 54)
('addition', 54)
('platform', 54)
('participant', 54)
('attribute', 54)
('behavior', 53)
('japan', 53)
('month', 52)
('productivity', 52)
('expectation', 52)
('automaker', 51)
('step', 51)
('interest', 50)
('ford', 49)
('concern', 49)
('president', 49)
('database', 49)
('privacy', 49)
('purchase', 48)
('commitment', 48)
('type', 48)
('paper', 48)
('mechanism', 48)
('complexity', 48)
('technique', 48)
('uncertainty', 48)
('retailer', 48)
('labor', 47)
('framework', 47)
('form', 47)
('capital', 47)
('culture', 47)
('trust', 47)
('stock', 47)
('printer', 47)
('hour', 46)
('thing', 46)
('basis', 46)
('responsibility', 46)
('top', 46)
('communication', 45)
('plan', 45)
('growth', 45)
('profit', 44)
('choice', 44)
('car', 44)
('sense', 44)
('procedure', 44)
('brainstorming', 44)
('dbm', 44)
('focus', 43)
('amount', 43)
('volume', 43)
('account', 43)
('student', 43)
('transaction', 43)
('characteristic', 42)
('buyer', 42)
('orientation', 42)
('attention', 41)
('hand', 41)
('place', 41)
('base', 41)
('economy', 41)
('help', 41)
('outcome', 41)
('good', 40)
('survey', 40)
('range', 40)
('attitude', 40)
('toyota', 40)
('memory', 40)
('list', 40)
('client', 40)
('analyst', 39)
('room', 39)
('pressure', 39)
('trade', 39)
('factory', 39)
('context', 39)
('style', 38)
('access', 38)
('reduction', 38)
('barrier', 38)
('extent', 38)
('american', 38)
('facility', 38)
('report', 38)
('dimension', 38)
('harmony', 38)
('pattern', 37)
('concept', 37)
('solution', 37)
('house', 37)
('personnel', 37)
('staff', 37)
('return', 37)
('scale', 36)
('machine', 36)
('option', 36)
('field', 36)
('player', 35)
('producer', 35)
('community', 35)
('center', 35)
('store', 35)
('article', 34)
('material', 34)
('venture', 34)
('engineer', 34)
('person', 34)
('arrangement', 34)
('hrm', 34)
('entry', 33)
('test', 33)
('theory', 33)
('decade', 33)
('size', 33)
('loss', 33)
('end', 33)
('training', 33)
('trend', 33)
('direction', 33)
('perspective', 33)
('interview', 32)
('africa', 32)
('differentiation', 32)
('generation', 31)
('efficiency', 31)
('battle', 31)
('dollar', 31)
('auto', 31)
('word', 31)
('instance', 31)
('meeting', 31)
('rating', 31)
('delivery', 31)
('processing', 31)
('seller', 31)
('difficulty', 30)
('penetration', 30)
('marketer', 30)
('advertising', 30)
('challenge', 30)
('vehicle', 30)
('priority', 30)
('error', 30)
('saving', 30)
('failure', 30)
('division', 30)
('mncs', 30)
('follower', 30)
('adopter', 30)
('evidence', 29)
('r', 29)
('partner', 29)
('cash', 29)
('vision', 29)
('criterion', 29)
('discussion', 29)
('negotiation', 29)
('fee', 29)
('variation', 29)
('expert', 29)
('career', 29)
('objective', 28)
('set', 28)
('show', 28)
('create', 28)
('detail', 28)
('gain', 28)
('corporation', 28)
('impact', 28)
('agreement', 28)
('status', 28)
('language', 28)
('principle', 28)
('medium', 28)
('week', 28)
('side', 28)
('schedule', 28)
('spirometer', 28)
('hardware', 27)
('contrast', 27)
('influence', 27)
('one', 27)
('future', 27)
('society', 27)
('partnership', 27)
('compensation', 27)
('spirometry', 27)
('subordinate', 27)
('food', 26)
('export', 26)
('output', 26)
('union', 26)
('mean', 26)
('deal', 26)
('credit', 26)
('incentive', 26)
('salesperson', 26)
('region', 25)
('user', 25)
('acquisition', 25)
('presence', 25)
('coordination', 25)
('margin', 25)
('exchange', 25)
('transfer', 25)
('school', 25)
('feature', 25)
('implication', 25)
('threat', 25)
('relation', 25)
('cim', 25)
('attempt', 24)
('offer', 24)
('meet', 24)
('evaluation', 24)
('building', 23)
('manage', 23)
('reality', 23)
('jit', 23)
('aspect', 23)
('literature', 23)
('class', 23)
('consideration', 23)
('curve', 23)
('security', 23)
('planning', 23)
('reward', 23)
('regulation', 23)
('advance', 22)
('name', 22)
('home', 22)
('move', 22)
('hence', 22)
('nature', 22)
('construction', 22)
('pay', 22)
('expertise', 22)
('mass', 22)
('charge', 22)
('request', 22)
('law', 22)
('cell', 22)
('us', 22)
('abb', 22)
('pb', 22)
('preference', 22)
('availability', 21)
('possibility', 21)
('e', 21)
('mail', 21)
('lack', 21)
('maker', 21)
('perception', 21)
('strength', 21)
('mistake', 21)
('norm', 21)
('energy', 21)
('card', 21)
('balance', 21)
('item', 21)
('today', 20)
('aid', 20)
('phase', 20)
('import', 20)
('money', 20)
('interaction', 20)
('collection', 20)
('claim', 20)
('key', 20)
('session', 20)
('series', 20)
('average', 20)
('committee', 20)
('finding', 20)
('agent', 20)
('throughput', 20)
('safety', 20)
('intensity', 20)
('uddevalla', 20)
('g', 19)
('marketplace', 19)
('setting', 19)
('channel', 19)
('scenario', 19)
('shift', 19)
('tendency', 19)
('call', 19)
('implement', 19)
('story', 19)
('professional', 19)
('spreadsheet', 19)
('ownership', 19)
('multinationals', 19)
('resistance', 19)
('indicator', 19)
('something', 19)
('specificity', 19)
('rdbs', 19)
('minuteman', 19)
('disadvantage', 18)
('entrant', 18)
('insight', 18)
('niche', 18)
('purpose', 18)
('combination', 18)
('section', 18)
('element', 18)
('record', 18)
('everyone', 18)
('target', 18)
('insurance', 18)
('site', 18)
('researcher', 18)
('outsider', 18)
('responsiveness', 18)
('recommendation', 17)
('dominance', 17)
('sample', 17)
('campaign', 17)
('face', 17)
('anything', 17)
('understand', 17)
('event', 17)
('device', 17)
('address', 17)
('space', 17)
('vice', 17)
('care', 17)
('bid', 17)
('answer', 17)
('penalty', 17)
('resolution', 17)
('comparison', 17)
('income', 17)
('downturn', 17)
('p', 16)
('favor', 16)
('alliance', 16)
('chance', 16)
('flow', 16)
('implies', 16)
('observation', 16)
('dynamic', 16)
('director', 16)
('note', 16)
('press', 16)
('scope', 16)
('baseline', 16)
('assessment', 16)
('automobile', 16)
('contribution', 16)
('specification', 16)
('exercise', 16)
('compulsory', 16)
('variable', 16)
('distributor', 16)
('mnc', 16)
('presentation', 16)
('headquarters', 16)
('stimulation', 16)
('surplus', 16)
('speed', 15)
('guideline', 15)
('europe', 15)
('ibm', 15)
('salesforce', 15)
('half', 15)
('motor', 15)
('date', 15)
('definition', 15)
('belief', 15)
('capture', 15)
('generate', 15)
('utility', 15)
('argument', 15)
('proposal', 15)
('discount', 15)
('profitability', 15)
('game', 15)
('bill', 15)
('probability', 15)
('employment', 15)
('subcontractor', 15)
('score', 15)
('promotion', 15)
('economics', 15)
('instrument', 14)
('protection', 14)
('mode', 14)
('potential', 14)
('route', 14)
('portfolio', 14)
('progress', 14)
('population', 14)
('initiative', 14)
('gap', 14)
('crisis', 14)
('assembly', 14)
('link', 14)
('topic', 14)
('see', 14)
('routine', 14)
('emphasis', 14)
('description', 14)
('someone', 14)
('property', 14)
('instruction', 14)
('describe', 14)
('fear', 14)
('package', 14)
('practitioner', 14)
('commodity', 14)
('telecommunication', 14)
('proponent', 14)
('purchasing', 14)
('ratio', 14)
('consider', 14)
('path', 14)
('cooperation', 14)
('explanation', 14)
('telephone', 14)
('degree', 14)
('nummi', 14)
('diamond', 14)
('ceo', 13)
('diffusion', 13)
('trial', 13)
('introduction', 13)
('metal', 13)
('become', 13)
('chip', 13)
('compatibility', 13)
('location', 13)
('competitiveness', 13)
('decline', 13)
('road', 13)
('adjustment', 13)
('learn', 13)
('distinction', 13)
('code', 13)
('delay', 13)
('consequence', 13)
('turnover', 13)
('review', 13)
('air', 13)
('portion', 13)
('absence', 13)
('feel', 13)
('shop', 13)
('governance', 13)
('motivation', 13)
('modularity', 13)
('education', 13)
('gift', 13)
('b', 13)
('stakeholder', 13)
('reuse', 13)
('hp', 13)
('inheritance', 13)
('dram', 13)
('academic', 12)
('exception', 12)
('enhancement', 12)
('rank', 12)
('limit', 12)
('percentage', 12)
('sector', 12)
('transition', 12)
('habit', 12)
('meaning', 12)
('boundary', 12)
('eb', 12)
('advocate', 12)
('provide', 12)
('university', 12)
('minute', 12)
('comment', 12)
('health', 12)
('circumstance', 12)
('statement', 12)
('decrease', 12)
('measurement', 12)
('manufacture', 12)
('paint', 12)
('rest', 12)
('selling', 12)
('household', 12)
('message', 12)
('volvo', 12)
('prospect', 12)
('designer', 12)
('disaster', 12)
('oo', 12)
('officer', 11)
('competency', 11)
('city', 11)
('run', 11)
('track', 11)
('fit', 11)
('ad', 11)
('truck', 11)
('shock', 11)
('revenue', 11)
('workforce', 11)
('specialist', 11)
('version', 11)
('storage', 11)
('determine', 11)
('lesson', 11)
('constraint', 11)
('look', 11)
('explain', 11)
('get', 11)
('selection', 11)
('high-quality', 11)
('consensus', 11)
('budget', 11)
('spread', 11)
('payment', 11)
('clause', 11)
('avoid', 11)
('movement', 11)
('forecast', 11)
('monopoly', 11)
('contact', 11)
('owner', 11)
('winner', 11)
('infrastructure', 11)
('prescription', 11)
('coefficient', 11)
('respondent', 11)
('match', 11)
('cause', 11)
('microprocessor', 11)
('involvement', 11)
('nation', 11)
('south', 11)
('supermarket', 11)
('district', 11)
('diversity', 11)
('object', 11)
('encapsulation', 11)
('benetton', 11)
('redcoat', 11)
('enter', 10)
('shipment', 10)
('weakness', 10)
('functionality', 10)
('expense', 10)
('sign', 10)
('automation', 10)
('drive', 10)
('transformation', 10)
('table', 10)
('matter', 10)
('linkage', 10)
('respond', 10)
('scientist', 10)
('satisfaction', 10)
('conduct', 10)
('developer', 10)
('representative', 10)
('chemical', 10)
('input', 10)
('take', 10)
('therefore', 10)
('discipline', 10)
('feeling', 10)
('try', 10)
('author', 10)
('contractor', 10)
('appropriation', 10)
('age', 10)
('desire', 10)
('debt', 10)
('reform', 10)
('agency', 10)
('downstream', 10)
('maintenance', 10)
('chocolate', 10)
('chaos', 10)
('matrix', 10)
('men', 10)
('champion', 10)
('sponsor', 10)
('horizon', 10)
('scheme', 10)
('contingency', 10)
('dog', 10)
('observability', 10)
('intel', 10)
('u', 9)
('pricing', 9)
('patent', 9)
('pioneer', 9)
('scanner', 9)
('segmentation', 9)
('edge', 9)
('oil', 9)
('gm', 9)
('inflation', 9)
('estimate', 9)
('reaction', 9)
('electronics', 9)
('television', 9)
('becomes', 9)
('child', 9)
('trouble', 9)
('execute', 9)
('dilemma', 9)
('hypothesis', 9)
('feedback', 9)
('identify', 9)
('letter', 9)
('majority', 9)
('play', 9)
('hundred', 9)
('make', 9)
('evaluate', 9)
('anonymity', 9)
('institution', 9)
('doubt', 9)
('opinion', 9)
('judgment', 9)
('chart', 9)
('kodak', 9)
('license', 9)
('reduces', 9)
('assistance', 9)
('hire', 9)
('creation', 9)
('oakville', 9)
('transmission', 9)
('daniel', 9)
('compromise', 9)
('confidence', 9)
('qfd', 9)
('science', 9)
('history', 9)
('adaptation', 9)
('water', 9)
('sensitivity', 9)
('conclusion', 9)
('concrete', 9)
('insider', 9)
('classification', 9)
('thrust', 9)
('classroom', 9)
('paradigm', 9)
('adoptability', 9)
('centralization', 9)
('beer', 9)
('formalization', 9)
('build', 8)
('lead', 8)
('danger', 8)
('invention', 8)
('body', 8)
('standardization', 8)
('reach', 8)
('sequence', 8)
('ease', 8)
('recession', 8)
('transplant', 8)
('fall', 8)
('assembler', 8)
('expansion', 8)
('steel', 8)
('connection', 8)
('colleague', 8)
('intelligence', 8)
('faith', 8)
('map', 8)
('phenomenon', 8)
('authority', 8)
('spirit', 8)
('supervisor', 8)
('recognition', 8)
('weapon', 8)
('loan', 8)
('questionnaire', 8)
('climate', 8)
('opportunism', 8)
('parent', 8)
('premium', 8)
('reliability', 8)
('lot', 8)
('congruence', 8)
('cut', 8)
('hope', 8)
('bidding', 8)
('foundation', 8)
('obstacle', 8)
('punishment', 8)
('respect', 8)
('regression', 8)
('favorability', 8)
('emergency', 8)
('station', 8)
('module', 8)
('accuracy', 8)
('right', 8)
('shape', 8)
('bell', 8)
('outlet', 8)
('coast', 8)
('dealer', 8)
('observer', 8)
('teacher', 8)
('pacetta', 8)
('array', 8)
('suggestion', 8)
('refinery', 8)
('board', 8)
('legislator', 8)
('catalog', 8)
('conjoint', 8)
('stone', 8)
('ethylene', 8)
('sony', 7)
('era', 7)
('pharmaceutical', 7)
('drug', 7)
('workstation', 7)
('window', 7)
('march', 7)
('reputation', 7)
('aluminum', 7)
('replacement', 7)
('consumption', 7)
('engine', 7)
('aircraft', 7)
('correlation', 7)
('combine', 7)
('repeat', 7)
('demonstrate', 7)
('frequency', 7)
('chrysler', 7)
('proliferation', 7)
('weight', 7)
('excess', 7)
('maintain', 7)
('representation', 7)
('proportion', 7)
('heart', 7)
('mind', 7)
('argue', 7)
('architecture', 7)
('tqm', 7)
('everything', 7)
('piece', 7)
('encounter', 7)
('interpretation', 7)
('willingness', 7)
('box', 7)
('notion', 7)
('familiarity', 7)
('making', 7)
('turn', 7)
('validity', 7)
('drawback', 7)
('convenience', 7)
('creativity', 7)
('compare', 7)
('voice', 7)
('advice', 7)
('honeymoon', 7)
('documentation', 7)
('domain', 7)
('nothing', 7)
('alternative', 7)
('proposition', 7)
('tape', 7)
('banking', 7)
('enterprise', 7)
('restriction', 7)
('simpler', 7)
('monitoring', 7)
('repair', 7)
('dodge', 7)
('mining', 7)
('critic', 7)
('perform', 7)
('distance', 7)
('mile', 7)
('autonomy', 7)
('discus', 7)
('counterpart', 7)
('exploitation', 7)
('johnson', 7)
('paint-finishing', 7)
('anyone', 7)
('moreover', 7)
('tradeoff', 7)
('tradition', 7)
('innovator', 7)
('offering', 7)
('manner', 7)
('suggests', 7)
('mission', 7)
('examine', 7)
('present', 7)
('wa', 7)
('pound', 7)
('inch', 7)
('bartlett', 7)
('official', 7)
('assure', 7)
('disruption', 7)
('guidance', 7)
('assignment', 7)
('phone', 7)
('personality', 7)
('page', 7)
('integrate', 7)
('breakdown', 7)
('consulting', 7)
('merchandise', 7)
('likelihood', 7)
('mobility', 7)
('parameter', 7)
('trajectory', 7)
('strike', 7)
('karen', 7)
('honda', 6)
('book', 6)
('acceleration', 6)
('briefly', 6)
('express', 6)
('well', 6)
('welch', 6)
('participation', 6)
('defense', 6)
('continuum', 6)
('transport', 6)
('master', 6)
('confusion', 6)
('talent', 6)
('coverage', 6)
('illustrate', 6)
('develop', 6)
('spending', 6)
('recovery', 6)
('quota', 6)
('tariff', 6)
('utilization', 6)
('wage', 6)
('yen', 6)
('driver', 6)
('shortage', 6)
('war', 6)
('fill', 6)
('asia', 6)
('textile', 6)
('existence', 6)
('limitation', 6)
('laboratory', 6)
('conditioning', 6)
('let', 6)
('varies', 6)
('refers', 6)
('ass', 6)
('affect', 6)
('understanding', 6)
('pilot', 6)
('entity', 6)
('talk', 6)
('act', 6)
('operating', 6)
('sop', 6)
('search', 6)
('weltanschauung', 6)
('extension', 6)
('recruit', 6)
('diagram', 6)
('thousand', 6)
('dozen', 6)
('tax', 6)
('hospital', 6)
('scrutiny', 6)
('ed', 6)
('petroleum', 6)
('conversion', 6)
('calculation', 6)
('price-performance', 6)
('achieve', 6)
('document', 6)
('host', 6)
('require', 6)
('transportation', 6)
('treat', 6)
('complex', 6)
('interdependence', 6)
('suggest', 6)
('‘', 6)
('eye', 6)
('rejection', 6)
('interface', 6)
('completion', 6)
('recruiting', 6)
('start', 6)
('satisfy', 6)
('identifies', 6)
('picture', 6)
('judge', 6)
('prevents', 6)
('debate', 6)
('fairness', 6)
('recipient', 6)
('effectiveness', 6)
('independence', 6)
('latter', 6)
('hierarchy', 6)
('pneumotach', 6)
('stress', 6)
('hold', 6)
('continent', 6)
('j', 6)
('legislation', 6)
('entrepreneur', 6)
('packaging', 6)
('technician', 6)
('association', 6)
('sponsorship', 6)
('handle', 6)
('competence', 6)
('bass', 6)
('tends', 6)
('tactic', 6)
('century', 6)
('comfort', 6)
('candidate', 6)
('vmf', 6)
('oligopoly', 6)
('economist', 6)
('gut', 6)
('scholar', 6)
('envelope', 6)
('woman', 6)
('silence', 6)
('circuit', 6)
('classify', 6)
('illustrates', 6)
('simple', 6)
('exclusion', 6)
('hoc', 6)
('abstraction', 6)
('employer', 6)
('trialability', 6)
('drag', 6)
('mover', 6)
('merchant', 6)
('sustainability', 6)
('cso', 6)
('toshiba', 5)
('stream', 5)
('fashion', 5)
('acceptance', 5)
('imitation', 5)
('involves', 5)
('cosmetic', 5)
('display', 5)
('awareness', 5)
('loyalty', 5)
('magnitude', 5)
('signal', 5)
('positioning', 5)
('institute', 5)
('cover', 5)
('switching', 5)
('profile', 5)
('exposure', 5)
('withdrawal', 5)
('turnaround', 5)
('reliance', 5)
('boom', 5)
('erosion', 5)
('equity', 5)
('tie', 5)
('differentiate', 5)
('describes', 5)
('construct', 5)
('whereas', 5)
('represent', 5)
('programmer', 5)
('consistency', 5)
('rationality', 5)
('file', 5)
('spot', 5)
('gathering', 5)
('pc', 5)
('communicate', 5)
('simulator', 5)
('pace', 5)
('finance', 5)
('background', 5)
('sort', 5)
('criticism', 5)
('superiority', 5)
('concentrate', 5)
('secure', 5)
('airline', 5)
('fortune', 5)
('provider', 5)
('lease', 5)
('licensing', 5)
('none', 5)
('conjunction', 5)
('variance', 5)
('accounting', 5)
('accountability', 5)
('character', 5)
('provision', 5)
('keep', 5)
('promise', 5)
('versus', 5)
('dependence', 5)
('length', 5)
('put', 5)
('jci', 5)
('enhance', 5)
('evolution', 5)
('permit', 5)
('durability', 5)
('turnkey', 5)
('rework', 5)
('fluor', 5)
('break', 5)
('intention', 5)
('dialogue', 5)
('contributor', 5)
('waste', 5)
('worldwide', 5)
('collapse', 5)
('emergence', 5)
('excitement', 5)
('slope', 5)
('check', 5)
('–', 5)
('fulfillment', 5)
('operate', 5)
('monitor', 5)
('pre/post', 5)
('patient', 5)
('pneumotachs', 5)
('kaelin', 5)
('examination', 5)
('administration', 5)
('gdp', 5)
('retain', 5)
('stability', 5)
('indication', 5)
('sanction', 5)
('shelf', 5)
('volatility', 5)
('video', 5)
('train', 5)
('inc', 5)
('merit', 5)
('confront', 5)
('profession', 5)
('decentralization', 5)
('territory', 5)
('branch', 5)
('salesman', 5)
('trait', 5)
('reinforcement', 5)
('art', 5)
('flaw', 5)
('thought', 5)
('watson', 5)
('mlq', 5)
('ingredient', 5)
('quasi-integration', 5)
('mine', 5)
('thereby', 5)
('quarry', 5)
('sum', 5)
('concentration', 5)
('westerner', 5)
('cord', 5)
('tension', 5)
('ground', 5)
('disparity', 5)
('strip', 5)
('c', 5)
('allocation', 5)
('subject', 5)
('porter', 5)
('determinant', 5)
('equilibrium', 5)
('applies', 5)
('budgeting', 5)
('credibility', 5)
('categorization', 5)
('demographic', 5)
('ideal', 5)
('burden', 5)
('storm', 5)
('pipeline', 5)
('troop', 5)
('discover', 5)
('street', 5)
('axis', 5)
('italy', 5)
('graduate', 5)
('doris', 5)
('kobrin', 5)
('philosophy', 4)
('logistics', 4)
('john', 4)
('suit', 4)
('fax', 4)
('preannouncements', 4)
('canada', 4)
('third-generation', 4)
('sport', 4)
('sell', 4)
('soap', 4)
('cereal', 4)
('inability', 4)
('invitation', 4)
('inroad', 4)
('june', 4)
('appreciation', 4)
('mid-1970s', 4)
('dealership', 4)
('latin', 4)
('commonality', 4)
('raise', 4)
('meant', 4)
('rise', 4)
('motivate', 4)
('mazda', 4)
('light', 4)
('maturation', 4)
('currency', 4)
('metaphor', 4)
('theorist', 4)
('schon', 4)
('posse', 4)
('ambiguity', 4)
('interrelationship', 4)
('determines', 4)
('constitute', 4)
('essence', 4)
('tragedy-of-the-commons', 4)
('guide', 4)
('lab', 4)
('screen', 4)
('wait', 4)
('—and', 4)
('excellence', 4)
('analyze', 4)
('encourage', 4)
('phrase', 4)
('stimulate', 4)
('imagine', 4)
('substitute', 4)
('find', 4)
('expenditure', 4)
('orange', 4)
('jump', 4)
('myth', 4)
('outsource', 4)
('cross', 4)
('duration', 4)
('controller', 4)
('degradation', 4)
('specialization', 4)
('million', 4)
('sound', 4)
('count', 4)
('identification', 4)
('reporting', 4)
('batch', 4)
('merger', 4)
('notice', 4)
('termination', 4)
('performer', 4)
('arm', 4)
('jsps', 4)
('performs', 4)
('buffer', 4)
('proximity', 4)
('least', 4)
('interruption', 4)
('desk', 4)
('trading', 4)
('mold', 4)
('approval', 4)
('optimism', 4)
('optimization', 4)
('abb/fluor', 4)
('push', 4)
('investigation', 4)
('buying', 4)
('catalyst', 4)
('cheat', 4)
('carry', 4)
('grasp', 4)
('duty', 4)
('appraisal', 4)
('interdependency', 4)
('attack', 4)
('ramification', 4)
('substitution', 4)
('reader', 4)
('surprise', 4)
('lung', 4)
('allyn', 4)
('boston', 4)
('treatment', 4)
('jean', 4)
('worth', 4)
('printout', 4)
('prototype', 4)
('appeal', 4)
('attractiveness', 4)
('caput', 4)
('earnings', 4)
('democracy', 4)
('fund', 4)
('investor', 4)
('ship', 4)
('reference', 4)
('spectrum', 4)
('newspaper', 4)
('assume', 4)
('tomorrow', 4)
('rotation', 4)
('reorganization', 4)
('similarity', 4)
('taylorism', 4)
('bottleneck', 4)
('accumulation', 4)
('layoff', 4)
('facilitate', 4)
('being', 4)
('peer', 4)
('college', 4)
('self-talk', 4)
('readiness', 4)
('agenda', 4)
('applicant', 4)
('cope', 4)
('quo', 4)
('zone', 4)
('in-house', 4)
('grocery', 4)
('solve', 4)
('cement', 4)
('baby', 4)
('avoidance', 4)
('incurrence', 4)
('reception', 4)
('joint', 4)
('diversification', 4)
('rival', 4)
('filament', 4)
('pulp', 4)
('generates', 4)
('valuation', 4)
('cadenas', 4)
('relevance', 4)
('poll', 4)
('bias', 4)
('mature', 4)
('prototyping', 4)
('pitfall', 4)
('extreme', 4)
('directory', 4)
('geography', 4)
('lawmaker', 4)
('fips', 4)
('implementing', 4)
('considers', 4)
('shipping', 4)
('mathematics', 4)
('marine', 4)
('carrot', 4)
('stick', 4)
('logic', 4)
('cobol', 4)
('doi', 4)
('consortium', 4)
('clothing', 4)
('stefanel', 4)
('asics', 4)
('stopford', 4)
('simplicity', 4)
('index', 4)
('boeing', 3)
('coherent', 3)
('lever', 3)
('calculator', 3)
('cookie', 3)
('hines', 3)
('qualification', 3)
('virtue', 3)
('ct', 3)
('takeoff', 3)
('bottom', 3)
('jack', 3)
('preannouncement', 3)
('timing', 3)
('establishment', 3)
('outline', 3)
('resides', 3)
('forth', 3)
('modification', 3)
('repositioning', 3)
('migration', 3)
('jet', 3)
('pursue', 3)
('detergent', 3)
('premise', 3)
('biotech', 3)
('physician', 3)
('apple', 3)
('moment', 3)
('december', 3)
('demonstration', 3)
('ink', 3)
('passenger', 3)
('exit', 3)
('furthermore', 3)
('subsystem', 3)
('trip', 3)
('drop', 3)
('ii', 3)
('vacancy', 3)
('mix', 3)
('depth', 3)
('expand', 3)
('zealand', 3)
('america', 3)
('closing', 3)
('formation', 3)
('psychology', 3)
('slogan', 3)
('lewin', 3)
('abstract', 3)
('generalization', 3)
('retention', 3)
('senge', 3)
('differs', 3)
('mental', 3)
('conception', 3)
('repository', 3)
('argues', 3)
('obsolescence', 3)
('audience', 3)
('inference', 3)
('causal', 3)
('explicit', 3)
('observe', 3)
('enforcement', 3)
('knowhow', 3)
('manual', 3)
('assertion', 3)
('aggregation', 3)
('viewpoint', 3)
('creates', 3)
('thinking', 3)
('bring', 3)
('archetype', 3)
('flight', 3)
('pair', 3)
('iteration', 3)
('mount', 3)
('apprehension', 3)
('fate', 3)
('popularity', 3)
('refining', 3)
('frustration', 3)
('theme', 3)
('choose', 3)
('ranking', 3)
('planner', 3)
('allows', 3)
('ministry', 3)
('feasibility', 3)
('summarizes', 3)
('keyboard', 3)
('mirror', 3)
('richness', 3)
('eastman', 3)
('magazine', 3)
('stand', 3)
('suffers', 3)
('specific', 3)
('quantity', 3)
('outsourcing', 3)
('overhead', 3)
('usage', 3)
('release', 3)
('slack', 3)
('trade-off', 3)
('occurrence', 3)
('actuality', 3)
('fluctuation', 3)
('bankruptcy', 3)
('dispute', 3)
('contention', 3)
('stake', 3)
('incur', 3)
('innovate', 3)
('carmaker', 3)
('bargaining', 3)
('robotics', 3)
('contracting', 3)
('inspection', 3)
('dependency', 3)
('takaoka', 3)
('bonus', 3)
('damage', 3)
('maturity', 3)
('two-thirds', 3)
('mitsubishi', 3)
('minority', 3)
('adapt', 3)
('seat', 3)
('defect', 3)
('xerox', 3)
('world-class', 3)
('concession', 3)
('layout', 3)
('benchmarking', 3)
('asea', 3)
('boveri', 3)
('formula', 3)
('constitutes', 3)
('passage', 3)
('frame', 3)
('latitude', 3)
('inclination', 3)
('justification', 3)
('formulation', 3)
('politics', 3)
('ask', 3)
('compliance', 3)
('purchaser', 3)
('efficient', 3)
('inspire', 3)
('reveals', 3)
('accordance', 3)
('disposition', 3)
('reverse', 3)
('man', 3)
('cronbach', 3)
('anchor', 3)
('deployment', 3)
('brief', 3)
('begin', 3)
('shorter', 3)
('pneumocheck', 3)
('fast', 3)
('disease', 3)
('medication', 3)
('container', 3)
('gold', 3)
('clinic', 3)
('pb900a', 3)
('ps600', 3)
('klein', 3)
('affordability', 3)
('renaissance', 3)
('battery', 3)
('eliminate', 3)
('pacific', 3)
('statistic', 3)
('survival', 3)
('agriculture', 3)
('rivalry', 3)
('guarantee', 3)
('angola', 3)
('switch', 3)
('give', 3)
('mozambique', 3)
('reserve', 3)
('fakhry', 3)
('colgate', 3)
('bar', 3)
('resident', 3)
('toothpaste', 3)
('pack', 3)
('glass', 3)
('bottle', 3)
('coke', 3)
('coca-cola', 3)
('trader', 3)
('aig', 3)
('adult', 3)
('commercial', 3)
('town', 3)
('aspiration', 3)
('movie', 3)
('visibility', 3)
('likewise', 3)
('citizen', 3)
('dos', 3)
('kalmar', 3)
('significance', 3)
('torslanda', 3)
('worklife', 3)
('variant', 3)
('second', 3)
('equation', 3)
('coordinate', 3)
('discrepancy', 3)
('spanner', 3)
('spouse', 3)
('depression', 3)
('cluster', 3)
('boss', 3)
('superior', 3)
('commission', 3)
('contingent', 3)
('symptom', 3)
('leniger', 3)
('register', 3)
('playground', 3)
('ash', 3)
('jensen', 3)
('creator', 3)
('speech', 3)
('hole', 3)
('yoho', 3)
('recruitment', 3)
('patterson', 3)
('flux', 3)
('cadre', 3)
('complaint', 3)
('achievement', 3)
('workshop', 3)
('pas', 3)
('continue', 3)
('oligopolists', 3)
('versa', 3)
('bauxite', 3)
('alumina', 3)
('siemens', 3)
('operator', 3)
('discrimination', 3)
('cable', 3)
('imbalance', 3)
('resist', 3)
('restructuring', 3)
('strategist', 3)
('calculate', 3)
('candy', 3)
('repayment', 3)
('minimization', 3)
('rigidity', 3)
('honor', 3)
('bos', 3)
('inconsistency', 3)
('restaurant', 3)
('incrementalism', 3)
('golf', 3)
('refinement', 3)
('continuity', 3)
('analog', 3)
('defines', 3)
('funding', 3)
('mentality', 3)
('yield', 3)
('diverse', 3)
('majluf', 3)
('scratch', 3)
('managerial', 3)
('naranjo', 3)
('cio', 3)
('york', 3)
('hurdle', 3)
('math', 3)
('institutionalization', 3)
('coach', 3)
('prize', 3)
('constituent', 3)
('revision', 3)
('abuse', 3)
('coupon', 3)
('backlash', 3)
('intrusion', 3)
('patronage', 3)
('telemarketing', 3)
('invasion', 3)
('robert', 3)
('mailer', 3)
('shopping', 3)
('cardholder', 3)
('junk', 3)
('issuer', 3)
('regulator', 3)
('consent', 3)
('benchmark', 3)
('secrecy', 3)
('brokerage', 3)
('experiment', 3)
('prediction', 3)
('absenteeism', 3)
('retrieval', 3)
('correspond', 3)
('diskette', 3)
('impression', 3)
('recognize', 3)
('protect', 3)
('lateness', 3)
('stockpile', 3)
('localization', 3)
('lag', 3)
('guess', 3)
('forecasting', 3)
('quantitative', 3)
('inefficiency', 3)
('vj/rj', 3)
('revolution', 3)
('pentagon', 3)
('guard', 3)
('victim', 3)
('relief', 3)
('youth', 3)
('grow', 3)
('conversation', 3)
('graph', 3)
('solver', 3)
('surveyor', 3)
('brook', 3)
('rogers', 3)
('externality', 3)
('reluctance', 3)
('incompatibility', 3)
('immature', 3)
('maintainability', 3)
('fiasco', 3)
('programming', 3)
('avoids', 3)
('danieli', 3)
('italtel', 3)
('ladder', 3)
('fidia', 3)
('franchisees', 3)
('gft', 3)
('herd', 3)
('lorsch', 3)
('bargain', 3)
('subunit', 3)
('product-market', 3)
('salary', 3)
('maternity', 3)
('proof', 3)
('uniformity', 3)
('misfit', 3)
('canon', 2)
('keebler', 2)
('infringement', 2)
('premature', 2)
('k', 2)
('pro', 2)
('con', 2)
('catch', 2)
('announcement', 2)
('glaxo', 2)
('colony', 2)
('walkman', 2)
('escalation', 2)
('kitchen', 2)
('high-technology', 2)
('scan', 2)
('predict', 2)
('mcdonnell', 2)
('procter', 2)
('multiple', 2)
('appreciate', 2)
('mill', 2)
('kingdom', 2)
('inhibitor', 2)
('participate', 2)
('beta', 2)
('disc', 2)
('remedy', 2)
('redesign', 2)
('imperative', 2)
('supremacy', 2)
('penetrate', 2)
('launch', 2)
('blanket', 2)
('arena', 2)
('saturn', 2)
('exporter', 2)
('reformation', 2)
('stem', 2)
('ec', 2)
('north', 2)
('luxury', 2)
('east', 2)
('taste', 2)
('wheel', 2)
('tooling', 2)
('produce', 2)
('setup', 2)
('hit', 2)
('birth', 2)
('kyushu', 2)
('kong', 2)
('garner', 2)
('workweek', 2)
('mismatch', 2)
('turmoil', 2)
('blueprint', 2)
('korea', 2)
('psychologist', 2)
('working', 2)
('discovery', 2)
('piaget', 2)
('behaviorism', 2)
('pavlov', 2)
('skinner', 2)
('gestalt', 2)
('encompasses', 2)
('lie', 2)
('accommodation', 2)
('carpenter', 2)
('reflection', 2)
('preserve', 2)
('baseball', 2)
('relevant', 2)
('stereotype', 2)
('know-how', 2)
('machinery', 2)
('actor', 2)
('attribution', 2)
('steamroll', 2)
('x', 2)
('interact', 2)
('anticipate', 2)
('circle', 2)
('chooses', 2)
('shortcoming', 2)
('dance', 2)
('polarization', 2)
('copy', 2)
('tacit', 2)
('disintegrate', 2)
('calendar', 2)
('articulate', 2)
('maximize', 2)
('experimentation', 2)
('inquiry', 2)
('mit', 2)
('casualty', 2)
('happens', 2)
('think', 2)
('synergy', 2)
('mark', 2)
('centre', 2)
('novelty', 2)
('interplay', 2)
('satisfying', 2)
('load', 2)
('facilitator', 2)
('redundant', 2)
('subtle', 2)
('voting', 2)
('vote', 2)
('know', 2)
('minister', 2)
('assist', 2)
('intent', 2)
('ride', 2)
('composition', 2)
('prohibition', 2)
('discourage', 2)
('pool', 2)
('edit', 2)
('fad', 2)
('victory', 2)
('shopper', 2)
('wish', 2)
('bandwagon', 2)
('behalf', 2)
('recollection', 2)
('hovey', 2)
('surface', 2)
('mips', 2)
('mip', 2)
('mention', 2)
('installation', 2)
('court', 2)
('cpu', 2)
('infusion', 2)
('postponement', 2)
('shareholder', 2)
('consolidation', 2)
('consolidate', 2)
('supplement', 2)
('spring', 2)
('temptation', 2)
('convince', 2)
('alter', 2)
('define', 2)
('content', 2)
('understood', 2)
('lawyer', 2)
('consultation', 2)
('equivalent', 2)
('ftes', 2)
('fire', 2)
('microcomputer', 2)
('relocation', 2)
('attend', 2)
('kankei-gaisha', 2)
('pie', 2)
('procurement', 2)
('rotate', 2)
('win', 2)
('guru', 2)
('modify', 2)
('stay', 2)
('jigoku', 2)
('bureaucracy', 2)
('interdependent', 2)
('coworker', 2)
('just-in-time', 2)
('georgetown', 2)
('camry', 2)
('die', 2)
('lyon', 2)
('appearance', 2)
('compound', 2)
('finishing', 2)
('emission', 2)
('undertaking', 2)
('overrun', 2)
('cancel', 2)
('conveyor', 2)
('total', 2)
('deadline', 2)
('assurance', 2)
('footprint', 2)
('ford/abb', 2)
('minimizing', 2)
('defy', 2)
('exists', 2)
('apt', 2)
('competent', 2)
('disguise', 2)
('comradeship', 2)
('unity', 2)
('favoritism', 2)
('decision-making', 2)
('institutionalize', 2)
('sacrifice', 2)
('inspires', 2)
('strengthen', 2)
('fabric', 2)
('precision', 2)
('minimum', 2)
('distinctive', 2)
('subculture', 2)
('counterculture', 2)
('aim', 2)
('spur', 2)
('hesitation', 2)
('quote', 2)
('trigger', 2)
('cushion', 2)
('potent', 2)
('translates', 2)
('wood', 2)
('please', 2)
('recall', 2)
('fulfill', 2)
('advertisement', 2)
('sex', 2)
('illness', 2)
('disability', 2)
('asthma', 2)
('surgeon', 2)
('restrict', 2)
('tube', 2)
('membrane', 2)
('mouthpiece', 2)
('sanitation', 2)
('select', 2)
('printing', 2)
('am', 2)
('drawn', 2)
('introductory', 2)
('nurse', 2)
('reading', 2)
('constrain', 2)
('endeavor', 2)
('rush', 2)
('visit', 2)
('buy', 2)
('screening', 2)
('add', 2)
('backlog', 2)
('predictability', 2)
('entertainment', 2)
('crash', 2)
('acceptability', 2)
('poverty', 2)
('gnp', 2)
('drain', 2)
('middle', 2)
('conference', 2)
('fdi', 2)
('subsidy', 2)
('botswana', 2)
('election', 2)
('multiparty', 2)
('côte', 2)
('ivoire', 2)
('democratization', 2)
('corruption', 2)
('grid', 2)
('copper', 2)
('licensee', 2)
('colonial', 2)
('unilever', 2)
('challenger', 2)
('wrangler', 2)
('low-cost', 2)
('ball', 2)
('custom', 2)
('businesspeople', 2)
('cigarette', 2)
('cooking', 2)
('zimbabwe', 2)
('heat', 2)
('differential', 2)
('embassy', 2)
('ethic', 2)
('port', 2)
('peace', 2)
('prevent', 2)
('van', 2)
('rancheros', 2)
('local', 2)
('tobacco', 2)
('prevalent', 2)
('swing', 2)
('grows', 2)
('literacy', 2)
('radio', 2)
('beverage', 2)
('black', 2)
('teller', 2)
('sampling', 2)
('fair', 2)
('mechanic', 2)
('holding', 2)
('ism', 2)
('race', 2)
('meanwhile', 2)
('peril', 2)
('turbulence', 2)
('refocus', 2)
('regimentation', 2)
('taylor', 2)
('sister', 2)
('associate', 2)
('european', 2)
('kaizen', 2)
('rock', 2)
('characterization', 2)
('draw', 2)
('startup', 2)
('recommend', 2)
('cooperative', 2)
('unionism', 2)
('diffuse', 2)
('apprentice', 2)
('necessity', 2)
('sustain', 2)
('underlies', 2)
('fallacy', 2)
('replaces', 2)
('speculation', 2)
('projection', 2)
('visitor', 2)
('morale', 2)
('succession', 2)
('supervise', 2)
('separation', 2)
('rebate', 2)
('re/max', 2)
('copier', 2)
('loser', 2)
('award', 2)
('kudos', 2)
('post', 2)
('burn', 2)
('salesforces', 2)
('receive', 2)
('react', 2)
('deviation', 2)
('examines', 2)
('praise', 2)
('david', 2)
('swim', 2)
('bob', 2)
('front', 2)
('conclude', 2)
('convert', 2)
('encourages', 2)
('saleswoman', 2)
('symbol', 2)
('jim', 2)
('furniture', 2)
('encouragement', 2)
('self-confidence', 2)
('motivator', 2)
('enthusiasm', 2)
('emerge', 2)
('frank', 2)
('intuition', 2)
('stance', 2)
('anticipation', 2)
('hiring', 2)
('incurs', 2)
('thomas', 2)
('transform', 2)
('publication', 2)
('graphic', 2)
('turner', 2)
('walton', 2)
('unique', 2)
('supervision', 2)
('star', 2)
('inadequacy', 2)
('membership', 2)
('mentor', 2)
('harris', 2)
('furnace', 2)
('grouping', 2)
('miner', 2)
('refiner', 2)
('greenfield', 2)
('frequent', 2)
('promote', 2)
('williamson', 2)
('major', 2)
('reynolds', 2)
('casting', 2)
('independent', 2)
('cigar', 2)
('culbro', 2)
('relative', 2)
('closer', 2)
('wealth', 2)
('fly', 2)
('identity', 2)
('prone', 2)
('imitator', 2)
('secret', 2)
('crude', 2)
('disintegration', 2)
('warning', 2)
('suspicion', 2)
('thesis', 2)
('writing', 2)
('writer', 2)
('inhibits', 2)
('japanese', 2)
('wedding', 2)
('silver', 2)
('gesture', 2)
('bride', 2)
('groom', 2)
('giver', 2)
('valentine', 2)
('male', 2)
('arrow', 2)
('hiding', 2)
('serve', 2)
('seniority', 2)
('expression', 2)
('connotes', 2)
('formality', 2)
('legitimacy', 2)
('valve', 2)
('negotiator', 2)
('straightforward', 2)
('billion', 2)
('manipulate', 2)
('archery', 2)
('resolving', 2)
('root', 2)
('bush', 2)
('renewal', 2)
('hewlett-packard', 2)
('peripheral', 2)
('cassette', 2)
('trademark', 2)
('decker', 2)
('housing', 2)
('drill', 2)
('imaging', 2)
('validate', 2)
('coincide', 2)
('hurt', 2)
('discontinuity', 2)
('carbon', 2)
('embrace', 2)
('reinvestment', 2)
('commit', 2)
('confidentiality', 2)
('posture', 2)
('situs', 2)
('gather', 2)
('kiosk', 2)
('iv', 2)
('reconsider', 2)
('centralization-decentralization', 2)
('maneuvering', 2)
('internalization', 2)
('dispersion', 2)
('francesco', 2)
('wisdom', 2)
('fraction', 2)
('retailing', 2)
('loblaw', 2)
('sami', 2)
('germany', 2)
('higher-quality', 2)
('pims', 2)
('gallup', 2)
('fruit', 2)
('sophistication', 2)
('correspondence', 2)
('convergence', 2)
('sentiment', 2)
('summarize', 2)
('goodwill', 2)
('wing', 2)
('imply', 2)
('vista', 2)
('terminal', 2)
('valley', 2)
('counsel', 2)
('coalition', 2)
('motion', 2)
('configuration', 2)
('jersey', 2)
('receipt', 2)
('overcome', 2)
('immediate', 2)
('modeling', 2)
('travel', 2)
('stamp', 2)
('pain', 2)
('airport', 2)
('tell', 2)
('engagement', 2)
('nonprofit', 2)
('viewer', 2)
('pledge', 2)
('clinton', 2)
('revolt', 2)
('legislature', 2)
('bulmash', 2)
('solicitation', 2)
('collect', 2)
('v', 2)
('caller', 2)
('specialty', 2)
('zip', 2)
('bypass', 2)
('constituency', 2)
('pitch', 2)
('welfare', 2)
('deception', 2)
('breed', 2)
('billing', 2)
('prefer', 2)
('foot', 2)
('truth', 2)
('roll', 2)
('bureau', 2)
('assent', 2)
('clutter', 2)
('garbage', 2)
('hype', 2)
('adherence', 2)
('listing', 2)
('seal', 2)
('precedent', 2)
('carolina', 2)
('simplification', 2)
('handling', 2)
('overlook', 2)
('manufacturability', 2)
('avenue', 2)
('opposite', 2)
('door', 2)
('globe', 2)
('plague', 2)
('silicon', 2)
('delivers', 2)
('propagation', 2)
('vagary', 2)
('come', 2)
('metric', 2)
('simulation', 2)
('exceeds', 2)
('bulk', 2)
('fgi', 2)
('deskjet', 2)
('satisfies', 2)
('incorrect', 2)
('excellent', 2)
('notation', 2)
('compensate', 2)
('r1', 2)
('rj', 2)
('computation', 2)
('reasonableness', 2)
('benefit-cost', 2)
('desert', 2)
('surveillance', 2)
('philippine', 2)
('terrorist', 2)
('police', 2)
('layer', 2)
('enemy', 2)
('command', 2)
('halt', 2)
('brown', 2)
('military', 2)
('enforce', 2)
('tv', 2)
('hurricane', 2)
('youngster', 2)
('offender', 2)
('instructor', 2)
('substance', 2)
('holmberg', 2)
('corp', 2)
('quantico', 2)
('donald', 2)
('brain', 2)
('deny', 2)
('learner', 2)
('f', 2)
('rung', 2)
('wherein', 2)
('paralysis', 2)
('jeopardy', 2)
('shame', 2)
('guilt', 2)
('parallel', 2)
('mba', 2)
('jargon', 2)
('crunchers', 2)
('presentation-quality', 2)
('pin', 2)
('trap', 2)
('deserves', 2)
('vintage', 2)
('news', 2)
('workplace', 2)
('bullet', 2)
('predecessor', 2)
('second-generation', 2)
('fourth-generation', 2)
('adopt', 2)
('interrelatedness', 2)
('inertia', 2)
('persistence', 2)
('irreversibility', 2)
('inevitability', 2)
('complement', 2)
('publicity', 2)
('join', 2)
('complementary', 2)
('fails', 2)
('advocacy', 2)
('redundancy', 2)
('weather', 2)
('sooner', 2)
('peculiarity', 2)
('fiat', 2)
('globalization', 2)
('shoe', 2)
('zanussi', 2)
('unilateralism', 2)
('lira', 2)
('bellisario', 2)
('internationalization', 2)
('della', 2)
('valle', 2)
('garment', 2)
('stylist', 2)
('bit', 2)
('bust', 2)
('reminder', 2)
('roi', 2)
('cartel', 2)
('scarcity', 2)
('recipe', 2)
('texas', 2)
('cmos', 2)
('breakthrough', 2)
('implementer', 2)
('plot', 2)
('compete', 2)
('god', 2)
('cornucopia', 2)
('overtime', 2)
('repercussion', 2)
('downsizing', 2)
('husband', 2)
('reevaluation', 2)
('graduation', 2)
('wife', 2)
('transnational', 2)
('deficiency', 2)
('environment-organization', 2)
('dynamism', 2)
('lawrence', 2)
('cutoff', 2)
('facing', 2)
('categorize', 2)
('socialization', 2)
('schneider', 2)
('hydro', 2)
('rio', 2)
('outperform', 2)
('horse', 2)
('kraft', 1)
('skim', 1)
('rollouts', 1)
('preemption', 1)
('market-by-market', 1)
('dhl', 1)
('roll-outs', 1)
('cooky', 1)
('entering', 1)
('kansa', 1)
('videodisk', 1)
('ps/2', 1)
('reactivity', 1)
('preannounce', 1)
('offense', 1)
('laurel', 1)
('oven', 1)
('microwave', 1)
('counter', 1)
('redefinition', 1)
('avionics', 1)
('composite', 1)
('landing', 1)
('rothberg', 1)
('clone', 1)
('diaper', 1)
('occupy', 1)
('multibrand', 1)
('subtlety', 1)
('genetics', 1)
('resellers', 1)
('roche', 1)
('zantac', 1)
('merck', 1)
('carace', 1)
('matsushita', 1)
('pit', 1)
('philip', 1)
('lens', 1)
('—the', 1)
('deliver', 1)
('diagnosis', 1)
('revival', 1)
('crack', 1)
('right-hand', 1)
('steering', 1)
('japanese-run', 1)
('moniker', 1)
('horde', 1)
('hemorrhage', 1)
('grip', 1)
('amc', 1)
('hike', 1)
('rabbit', 1)
('subcompact', 1)
('soak', 1)
('engage', 1)
('penchant', 1)
('slowdown', 1)
('felt', 1)
('japanese-brazilians', 1)
('southeast', 1)
('—are', 1)
('zama', 1)
('retirement', 1)
('scrap', 1)
('daihatsu', 1)
('accord', 1)
('explore', 1)
('bmw', 1)
('autorama', 1)
('yanase', 1)
('minivan', 1)
('pickup', 1)
('dealer-ships', 1)
('isuzu', 1)
('fuji', 1)
('apparel', 1)
('color', 1)
('thailand', 1)
('vcr', 1)
('deck', 1)
('miracle', 1)
('consequent', 1)
('third-country', 1)
('contribute', 1)
('linguist', 1)
('educator', 1)
('tolman', 1)
('freud', 1)
('psychodynamics', 1)
('jaques', 1)
('ill', 1)
('argyris', 1)
('assimilation', 1)
('kolb', 1)
('facet', 1)
('accommodates', 1)
('schein', 1)
('reaction-judgment-intervention', 1)
('discovery-invention-production-generalization', 1)
('trivia', 1)
('arbiter', 1)
('prophecy', 1)
('laura', 1)
('learns', 1)
('accumulate', 1)
('stoplight', 1)
('informs', 1)
('magnification', 1)
('human', 1)
('preclude', 1)
('opposition', 1)
('resignation', 1)
('occasion', 1)
('occurs', 1)
('affluence', 1)
('caution', 1)
('crux', 1)
('winter', 1)
('simon', 1)
('loop', 1)
('daft', 1)
('weick', 1)
('know-why', 1)
('typology', 1)
('intrusiveness', 1)
('worldview', 1)
('interprets', 1)
('anthropomorphizing', 1)
('olsen', 1)
('mini-organization', 1)
('invoice', 1)
('preponderance', 1)
('interconnection', 1)
('radical', 1)
('rope', 1)
('takeover', 1)
('prescribes', 1)
('slowly', 1)
('driving', 1)
('autopilot', 1)
('reflex', 1)
('artifact', 1)
('known', 1)
('double-loop', 1)
('idll', 1)
('odll', 1)
('disconnect', 1)
('solves', 1)
('forgets', 1)
('counterexample', 1)
('skunk', 1)
('grander', 1)
('mixture', 1)
('incomplete', 1)
('tragedy', 1)
('common', 1)
('pursues', 1)
('alternator', 1)
('impasse', 1)
('saw', 1)
('struggle', 1)
('intervene', 1)
('governing', 1)
('allocate', 1)
('torque', 1)
('microworlds', 1)
('emerges', 1)
('ford/mit', 1)
('reasoning', 1)
('tylenol', 1)
('incident', 1)
('glimpse', 1)
('enhancing', 1)
('conjure', 1)
('propose', 1)
('pursuing', 1)
('abundance', 1)
('wilder', 1)
('inhibition', 1)
('disseminate', 1)
('royal-lepage', 1)
('estate', 1)
('din', 1)
('exclamation', 1)
('laughter', 1)
('four-person', 1)
('twelve-person', 1)
('colder', 1)
('worry', 1)
('criticize', 1)
('texaco', 1)
('irs', 1)
('idea-generation', 1)
('organizer', 1)
('group-systems', 1)
('assign', 1)
('discard', 1)
('inclusion', 1)
('auckland', 1)
('politician', 1)
('groupthink', 1)
('unanimity', 1)
('misgiving', 1)
('equalization', 1)
('cutback', 1)
('plan-of-action', 1)
('commenter', 1)
('refine', 1)
('arizona', 1)
('inconsistent', 1)
('integrating', 1)
('keywords', 1)
('sheet', 1)
('disk', 1)
('superman/superwoman', 1)
('template', 1)
('marshaling', 1)
('peck', 1)
('merrill', 1)
('custodial', 1)
('yankee', 1)
('henry', 1)
('pfendt', 1)
('mcneil', 1)
('southland', 1)
('mi', 1)
('gardner', 1)
('bernie', 1)
('ward', 1)
('editor', 1)
('menu', 1)
('max', 1)
('hopper', 1)
('computerworld', 1)
('bankshares', 1)
('endorsement', 1)
('dawn', 1)
('payroll', 1)
('guaranteed', 1)
('treasurer', 1)
('corroborate', 1)
('temper', 1)
('random', 1)
('absent', 1)
('businessland', 1)
('vaughn', 1)
('seven-page', 1)
('characterize', 1)
('motive', 1)
('parlance', 1)
('applicability', 1)
('computing', 1)
('purport', 1)
('presumes', 1)
('extends', 1)
('datamation', 1)
('vogue', 1)
('explains', 1)
('transferring', 1)
('fuel', 1)
('submits', 1)
('guy', 1)
('cost-saving', 1)
('outsourcer', 1)
('ross', 1)
('perot', 1)
('recapitalization', 1)
('salvage', 1)
('liquidate', 1)
('rescue', 1)
('mainframe', 1)
('outsourcers', 1)
('audit', 1)
('prioritization', 1)
('richard', 1)
('huber', 1)
('chargeback', 1)
('postpone', 1)
('oversight', 1)
('tog', 1)
('accommodate', 1)
('net', 1)
('arrears', 1)
('particular', 1)
('assures', 1)
('bundle', 1)
('commencement', 1)
('counterbalance', 1)
('idiosyncracies', 1)
('pose', 1)
('smf', 1)
('pick', 1)
('fte', 1)
('scanning', 1)
('log', 1)
('season', 1)
('oscillation', 1)
('fault', 1)
('blame', 1)
('fix', 1)
('nonperformance', 1)
('escalate', 1)
('intricacy', 1)
('curtail', 1)
('fixed-fee', 1)
('loophole', 1)
('notify', 1)
('—regardless', 1)
('protecting', 1)
('commits', 1)
('s-length', 1)
('jsp', 1)
('supplier-purchaser', 1)
('per-unit', 1)
('wiring', 1)
('harness', 1)
('double', 1)
('edward', 1)
('lot-to-lot', 1)
('partner-suppliers', 1)
('framingham', 1)
('womack', 1)
('al', 1)
('tailor', 1)
('innovating', 1)
('employ', 1)
('imvp', 1)
('supplier-assistance', 1)
('hell', 1)
('realize', 1)
('someday', 1)
('footing', 1)
('protects', 1)
('past', 1)
('constitution', 1)
('cusumano', 1)
('partner-specific', 1)
('nissan', 1)
('swap', 1)
('career-path', 1)
('hostage', 1)
('shareholding', 1)
('jig', 1)
('dependent', 1)
('auto-maker', 1)
('drawing', 1)
('tolerance', 1)
('transactor', 1)
('loses', 1)
('rent', 1)
('bumper', 1)
('buchenberger', 1)
('jeffrey', 1)
('smith', 1)
('preparing', 1)
('fail', 1)
('keiretsu', 1)
('dokuritsu-gaisha', 1)
('bridgestone', 1)
('yazaki', 1)
('portrayed', 1)
('initiator', 1)
('reticent', 1)
('helper', 1)
('crossroad', 1)
('hereafter', 1)
('win-win', 1)
('chronicle', 1)
('can-ada', 1)
('spray', 1)
('topaz', 1)
('companywide', 1)
('full-service', 1)
('hazard', 1)
('proviso', 1)
('undertook', 1)
('—abb', 1)
('flatrock', 1)
('astute', 1)
('commensurate', 1)
('integrity', 1)
('three-step', 1)
('fixed-price', 1)
('quotation', 1)
('split', 1)
('cooperate', 1)
('booth', 1)
('rearrangement', 1)
('multistory', 1)
('win/win', 1)
('acknowledgement', 1)
('squeeze', 1)
('albeit', 1)
('single-source', 1)
('competitive-bidding', 1)
('foster', 1)
('lottery', 1)
('explosive', 1)
('cross-fertilization', 1)
('compression', 1)
('mandate', 1)
('defer', 1)
('definite', 1)
('distraction', 1)
('enrichment', 1)
('finish', 1)
('centerpiece', 1)
('excuse', 1)
('blessing', 1)
('refute', 1)
('mis-perceptions', 1)
('rationale', 1)
('strategy-making', 1)
('maximum', 1)
('reservoir', 1)
('thread', 1)
('—despite', 1)
('quick', 1)
('directive', 1)
('impartiality', 1)
('nonexistence', 1)
('—execution', 1)
('kinship', 1)
('suffice', 1)
('transmitter', 1)
('disincentive', 1)
('transpire', 1)
('prevail', 1)
('demise', 1)
('horizontal', 1)
('obedience', 1)
('parity', 1)
('lessens', 1)
('centrality', 1)
('intensification', 1)
('price-reductions', 1)
('stand-alone', 1)
('discontent', 1)
('cultivate', 1)
('escalates', 1)
('regard', 1)
('diminishes', 1)
('maximization', 1)
('title', 1)
('first-round', 1)
('characterizes', 1)
('cost-reduction', 1)
('devote', 1)
('unfavorability', 1)
('charting', 1)
('kobe', 1)
('shipyard', 1)
('translate', 1)
('subsequent', 1)
('elaboration', 1)
('exposition', 1)
('redesigns', 1)
('extra', 1)
('oscar', 1)
('warranty', 1)
('breath', 1)
('death', 1)
('anesthesiologist', 1)
('impairment', 1)
('dosage', 1)
('exhales', 1)
('cylinder', 1)
('displaces', 1)
('tuberculosis', 1)
('blow', 1)
('cap', 1)
('puritan-bennett', 1)
('infection', 1)
('silent', 1)
('expiratory', 1)
('inspiratory', 1)
('bulky', 1)
('spirometrics', 1)
('hard-copy', 1)
('standalone', 1)
('meter', 1)
('sterilization', 1)
('moe', 1)
('blais', 1)
('mel', 1)
('product-development', 1)
('pulmonologists', 1)
('interviewer', 1)
('grade', 1)
('fade', 1)
('print', 1)
('letter-quality', 1)
('bug', 1)
('september', 1)
('introduce', 1)
('renaissancetm', 1)
('hook', 1)
('pocket', 1)
('briefcase', 1)
('adapter', 1)
('attache', 1)
('bubblejet', 1)
('modular', 1)
('warranty-exchange', 1)
('perfect', 1)
('stationery', 1)
('hoq', 1)
('mixing', 1)
('malnutrition', 1)
('sub-saharan', 1)
('kenya', 1)
('belgium', 1)
('ghana', 1)
('gabon', 1)
('dweller', 1)
('joblessness', 1)
('living', 1)
('quarter', 1)
('preferential', 1)
('entrepôts', 1)
('sadcc', 1)
('comparing', 1)
('initiation', 1)
('zambia', 1)
('chiluba', 1)
('kenneth', 1)
('animosity', 1)
('clash', 1)
('reveal', 1)
('instability', 1)
('judiciary', 1)
('imf', 1)
('communism', 1)
('moscow', 1)
('tighter', 1)
('sympathy', 1)
('authorization', 1)
('bloc', 1)
('apartheid', 1)
('neighbor', 1)
('maputo', 1)
('morocco', 1)
('platinum', 1)
('exploration', 1)
('tender', 1)
('long-standing', 1)
('booker', 1)
('mcconnell', 1)
('sugar', 1)
('poultry', 1)
('land', 1)
('heinz', 1)
('parastatal', 1)
('privatization', 1)
('nigeria', 1)
('financing', 1)
('freight-forwarding', 1)
('levi', 1)
('strauss', 1)
('quicker', 1)
('co', 1)
('persistent', 1)
('versatile', 1)
('skin', 1)
('endowment', 1)
('digest', 1)
('editorial', 1)
('edition', 1)
('photography', 1)
('accompany', 1)
('axion', 1)
('paste', 1)
('harsh', 1)
('kenyan', 1)
('knock-offs', 1)
('private-label', 1)
('generic', 1)
('fat', 1)
('nigerian', 1)
('liquid', 1)
('softener', 1)
('viscosity', 1)
('twelve-ounce', 1)
('hawker', 1)
('tablet', 1)
('corner', 1)
('fanta', 1)
('refrigeration', 1)
('flavor', 1)
('tourist', 1)
('consciousness', 1)
('margarine', 1)
('butter', 1)
('milk', 1)
('subregion', 1)
('clearance', 1)
('destination', 1)
('bottler', 1)
('announces', 1)
('ice', 1)
('chest', 1)
('refrigerator', 1)
('greek', 1)
('descent', 1)
('senegal', 1)
('mauritanian', 1)
('farmer', 1)
('dump', 1)
('rock-bottom', 1)
('counterfeiter', 1)
('barter', 1)
('deposit', 1)
('transshipment', 1)
('expatriate', 1)
('lending', 1)
('resists', 1)
('deflation', 1)
('reinsurer', 1)
('exacts', 1)
('insurer', 1)
('offshore', 1)
('reinsurers', 1)
('illiteracy', 1)
('madagascar', 1)
('burkina', 1)
('urbanization', 1)
('burundi', 1)
('loudspeaker', 1)
('meal', 1)
('implicit', 1)
('redemption', 1)
('misredemptions', 1)
('contest', 1)
('distributes', 1)
('teeth', 1)
('carton', 1)
('english-speaking', 1)
('brochure', 1)
('vp', 1)
('subregions', 1)
('instill', 1)
('citibank', 1)
('policy-makers', 1)
('grupo', 1)
('entreposto', 1)
('reinsurance', 1)
('wholesaler', 1)
('entrepreneurship', 1)
('african', 1)
('cola', 1)
('aconsensus', 1)
('hallmark', 1)
('adaptability', 1)
('california', 1)
('long-cycle', 1)
('november', 1)
('firsthand', 1)
('critique', 1)
('misapprehension', 1)
('fordist', 1)
('gesture-by-gesture', 1)
('fordism', 1)
('labor-market', 1)
('fremont', 1)
('gm-fremont', 1)
('prevailing', 1)
('geo', 1)
('nameplate', 1)
('sketchy', 1)
('well-being', 1)
('disaffection', 1)
('depreciation', 1)
('kamata', 1)
('fucini', 1)
('parker', 1)
('slaughter', 1)
('wokutch', 1)
('harsher', 1)
('shadow', 1)
('inexperience', 1)
('racist', 1)
('degenerate', 1)
('strain', 1)
('craft', 1)
('sequential', 1)
('broader', 1)
('defining', 1)
('hinge', 1)
('empowerment', 1)
('manipulative', 1)
('shaping', 1)
('prerogative', 1)
('mitigating', 1)
('degeneration', 1)
('justifies', 1)
('skepticism', 1)
('japanese-style', 1)
('hostility', 1)
('car-builder', 1)
('craftsman', 1)
('guild', 1)
('journeyman', 1)
('recalcitrant', 1)
('self-actualization', 1)
('precludes', 1)
('greed', 1)
('exorbitant', 1)
('poor-quality', 1)
('spokesperson', 1)
('precondition', 1)
('facilitates', 1)
('stimulates', 1)
('stimulus', 1)
('conveyer', 1)
('belt', 1)
('tahara', 1)
('evolve', 1)
('mass-production', 1)
('unite', 1)
('basketball', 1)
('enforces', 1)
('cage', 1)
('discretion', 1)
('freedom', 1)
('ups', 1)
('exhilaration', 1)
('superior/subordinate', 1)
('measurability', 1)
('allowance', 1)
('camaraderie', 1)
('teamwork', 1)
('lawn', 1)
('maverick', 1)
('perk', 1)
('moribund', 1)
('exhibit', 1)
('birthday', 1)
('shower', 1)
('trophy', 1)
('read', 1)
('horn', 1)
('itinerary', 1)
('boy', 1)
('girl', 1)
('want', 1)
('wine', 1)
('dines', 1)
('sink', 1)
('bardagy', 1)
('echo', 1)
('overmanage', 1)
('h', 1)
('parade', 1)
('brass', 1)
('band', 1)
('superstar', 1)
('novice', 1)
('meager', 1)
('hesitate', 1)
('embarrass', 1)
('warmth', 1)
('showcase', 1)
('self-starter', 1)
('self-leadership', 1)
('decay', 1)
('proficiency', 1)
('shove', 1)
('probe', 1)
('dormant', 1)
('latent', 1)
('broadens', 1)
('magnifies', 1)
('surpass', 1)
('kay', 1)
('fragrance', 1)
('toiletry', 1)
('cadillacs', 1)
('bolster', 1)
('augments', 1)
('exemplifies', 1)
('charisma', 1)
('affection', 1)
('admiration', 1)
('trail', 1)
('lily', 1)
('britannica', 1)
('pygmalion', 1)
('sending', 1)
('tice', 1)
('high', 1)
('golfer', 1)
('dave', 1)
('founder', 1)
('surfa', 1)
('greet', 1)
('hug', 1)
('rickles', 1)
('insult', 1)
('exert', 1)
('height', 1)
('inaction', 1)
('motif', 1)
('conformity', 1)
('clopton', 1)
('opening', 1)
('prefers', 1)
('résumés', 1)
('recruiter', 1)
('rigor', 1)
('newcomer', 1)
('misrepresentation', 1)
('manipulation', 1)
('backwoods', 1)
('peddler', 1)
('promoter', 1)
('bogus', 1)
('cadence', 1)
('grammar', 1)
('pretension', 1)
('thinker', 1)
('ncr', 1)
('tidbit', 1)
('retrospection', 1)
('genius', 1)
('origin', 1)
('quad/', 1)
('brag', 1)
('frenzy', 1)
('usurpation', 1)
('stimulant', 1)
('humor', 1)
('payoff', 1)
('possession', 1)
('secondhand', 1)
('cleveland', 1)
('rule-breaker', 1)
('ge', 1)
('weinglass', 1)
('nonconformist', 1)
('wal-mart', 1)
('submanager', 1)
('conduit', 1)
('devotion', 1)
('allay', 1)
('self-interest', 1)
('assignee', 1)
('receives', 1)
('canvassing', 1)
('stimulating', 1)
('uncover', 1)
('spectator', 1)
('disappointment', 1)
('preventive', 1)
('slump', 1)
('grievance', 1)
('setback', 1)
('disturbance', 1)
('counseling', 1)
('prejudice', 1)
('chuck', 1)
('hear', 1)
('strives', 1)
('emulate', 1)
('favoring', 1)
('manifestation', 1)
('individualism', 1)
('loyal', 1)
('multifactor', 1)
('questionnairetm', 1)
('bruce', 1)
('avolio', 1)
('problem-solvers', 1)
('risk-takers', 1)
('embody', 1)
('conviction', 1)
('inform', 1)
('follow-up', 1)
('coworkers', 1)
('crime', 1)
('prevention', 1)
('incumbent', 1)
('desirability', 1)
('blast', 1)
('ladle', 1)
('yard', 1)
('vessel', 1)
('weirton', 1)
('administer', 1)
('microeconomist', 1)
('slice', 1)
('advise', 1)
('machining', 1)
('kilometer', 1)
('predictable', 1)
('lathe', 1)
('borer', 1)
('oddity', 1)
('compartmentalize', 1)
('minimize', 1)
('occur', 1)
('severity', 1)
('herbert', 1)
('dealing', 1)
('preview', 1)
('manfacturers', 1)
('acquirer', 1)
('concrete-making', 1)
('justify', 1)
('pechiney', 1)
('tag', 1)
('ploy', 1)
('chink', 1)
('low-price', 1)
('forward-integrating', 1)
('fabrication', 1)
('plastic', 1)
('forward', 1)
('rider', 1)
('cyclicality', 1)
('foreclosure', 1)
('deludes', 1)
('steal', 1)
('sa', 1)
('closeness', 1)
('absolute', 1)
('prosecution', 1)
('forum', 1)
('turbine', 1)
('dy', 1)
('retains', 1)
('cleanliness', 1)
('comer', 1)
('petrochemical', 1)
('nationalization', 1)
('raider', 1)
('taiwan', 1)
('hong', 1)
('conglomerate', 1)
('beatrice', 1)
('downscale', 1)
('piracy', 1)
('sole', 1)
('muscle', 1)
('resolve', 1)
('make/buy', 1)
('quantify', 1)
('bastion', 1)
('reign', 1)
('supreme', 1)
('faulty', 1)
('metaproblem', 1)
('song', 1)
('morning', 1)
('illustration', 1)
('proportionate', 1)
('exacerbates', 1)
('builder', 1)
('resolvers', 1)
('consternation', 1)
('burdensome', 1)
('accompanies', 1)
('ceremony', 1)
('decoration', 1)
('couple', 1)
('return-gift', 1)
('violation', 1)
('compels', 1)
('insignificant', 1)
('reciprocation', 1)
('confectionery', 1)
('holiday', 1)
('choco', 1)
('lady', 1)
('businessman', 1)
('pervasiveness', 1)
('stranger', 1)
('rescuer', 1)
('hide', 1)
('verb', 1)
('conjugation', 1)
('soto', 1)
('gender', 1)
('twenty', 1)
('thirty', 1)
('chameleon', 1)
('ura', 1)
('translation', 1)
('informal', 1)
('intragroup', 1)
('intergroup', 1)
('publicness', 1)
('delegation', 1)
('platitude', 1)
('club', 1)
('counteroffer', 1)
('renegotiation', 1)
('frankness', 1)
('candor', 1)
('testimony', 1)
('indirectness', 1)
('idiom', 1)
('beating', 1)
('persuasion', 1)
('assuming', 1)
('fluency', 1)
('reply', 1)
('karate', 1)
('rub', 1)
('shoulder', 1)
('spent', 1)
('hobby', 1)
('understands', 1)
('ear', 1)
('boardroom', 1)
('extract', 1)
('dinner', 1)
('soil', 1)
('disagreement', 1)
('nemawashi', 1)
('facsimile', 1)
('laser', 1)
('portrays', 1)
('conducive', 1)
('doorley', 1)
('paquette', 1)
('eagle', 1)
('intrepid', 1)
('suspension', 1)
('yorker', 1)
('sanderson', 1)
('deliberate', 1)
('remain', 1)
('armature', 1)
('sander', 1)
('mapping', 1)
('summarization', 1)
('presenting', 1)
('legend', 1)
('posit', 1)
('obfuscate', 1)
('strengthening', 1)
('self-assessments', 1)
('convey', 1)
('precede', 1)
('abandon', 1)
('dip', 1)
('single-product', 1)
('impedes', 1)
('leverage', 1)
('best-in-class', 1)
('bulb', 1)
('sun', 1)
('microsystems', 1)
('cisc', 1)
('elegant', 1)
('risc', 1)
('dissipate', 1)
('distinctiveness', 1)
('iron', 1)
('bearing', 1)
('assigns', 1)
('momentum', 1)
('boynton', 1)
('zmud', 1)
('hax', 1)
('derives', 1)
('competition7', 1)
('whenever', 1)
('kovacevic', 1)
('cortázar', 1)
('schroeder', 1)
('step:12', 1)
('overhaul', 1)
('itsaps', 1)
('npv', 1)
('allocates', 1)
('sbus', 1)
('together', 1)
('shell', 1)
('wear', 1)
('henderson', 1)
('sensitize', 1)
('patricio', 1)
('juan', 1)
('carlos', 1)
('salvador', 1)
('six-stage', 1)
('reinterpretation', 1)
('iii', 1)
('laggard', 1)
('overbudget', 1)
('wax', 1)
('bean', 1)
('bleach', 1)
('deodorant', 1)
('alarm', 1)
('tengelmann', 1)
('isolate', 1)
('rollback', 1)
('pampers', 1)
('dominick', 1)
('finer', 1)
('topco', 1)
('exclusivity', 1)
('brick', 1)
('cheese', 1)
('contentiousness', 1)
('tea', 1)
('grocer', 1)
('discounter', 1)
('warehouse', 1)
('assortment', 1)
('imagination', 1)
('coincident', 1)
('repurchase', 1)
('vegetable', 1)
('vitamin', 1)
('cleanser', 1)
('entree', 1)
('contraction', 1)
('explanatory', 1)
('bond', 1)
('procure', 1)
('causality', 1)
('infer', 1)
('safeway', 1)
('pathmark', 1)
('kroger', 1)
('convergent', 1)
('t-statistics', 1)
('nonfood', 1)
('beauty', 1)
('deters', 1)
('robustness', 1)
('cross-validations', 1)
('column', 1)
('low', 1)
('dollarwise', 1)
('quality-lower', 1)
('affirms', 1)
('tread', 1)
('complacency', 1)
('dull', 1)
('intensifies', 1)
('strident', 1)
('breakfast', 1)
('affirmation', 1)
('teaching', 1)
('music', 1)
('graft', 1)
('cost-performance', 1)
('zuboff', 1)
('decide', 1)
('discussing', 1)
('adopts', 1)
('kennedy', 1)
('moon', 1)
('rocket', 1)
('levinson', 1)
('divide', 1)
('realizing', 1)
('flurry', 1)
('xsel', 1)
('order-entry', 1)
('administrator', 1)
('curriculum', 1)
('principal', 1)
('chandler', 1)
('du', 1)
('concludes', 1)
('prof', 1)
('signature', 1)
('mr', 1)
('la', 1)
('boulangerie', 1)
('fast-food', 1)
('beckhard', 1)
('satisfice', 1)
('second-order', 1)
('fare', 1)
('restore', 1)
('establishing', 1)
('fight', 1)
('analyzes', 1)
('decmodelr', 1)
('nuts-and-bolts', 1)
('crest', 1)
('panacea', 1)
('mindset', 1)
('wallace', 1)
('malcolm', 1)
('chapter', 1)
('worrisome', 1)
('kearney', 1)
('thumb', 1)
('trick', 1)
('ensues', 1)
('carlson', 1)
('rubber', 1)
('charter', 1)
('mogul', 1)
('samuel', 1)
('goldwyn', 1)
('discomfort', 1)
('mece', 1)
('completeness', 1)
('neurosurgeon', 1)
('jal', 1)
('bay', 1)
('miss', 1)
('save', 1)
('cache', 1)
('pertinent', 1)
('highlight', 1)
('undone', 1)
('publishing', 1)
('tenure', 1)
('smart', 1)
('cure', 1)
('fowl', 1)
('interactive', 1)
('t', 1)
('public-relations', 1)
('reversal', 1)
('business-to-business', 1)
('scantrack', 1)
('neighborhood', 1)
('viewership', 1)
('selectivity', 1)
('exploit', 1)
('intimate', 1)
('celebrity', 1)
('muddies', 1)
('blockbuster', 1)
('solicitor', 1)
('warrenville', 1)
('illinois', 1)
('yesterday', 1)
('football', 1)
('stockbroker', 1)
('information-gathering', 1)
('landmark', 1)
('miller', 1)
('attorney', 1)
('enthusiast', 1)
('propensity', 1)
('belongs', 1)
('threshold', 1)
('alan', 1)
('distinguishes', 1)
('fundamentalist', 1)
('forgo', 1)
('pragmatist', 1)
('religion', 1)
('poorer', 1)
('donor', 1)
('mailing', 1)
('mountain', 1)
('emergent', 1)
('coincidence', 1)
('lotus', 1)
('dialers', 1)
('chimney', 1)
('safeguard', 1)
('customization', 1)
('brother', 1)
('equate', 1)
('mending', 1)
('public', 1)
('nominee', 1)
('bork', 1)
('rental', 1)
('morass', 1)
('transcript', 1)
('subcommittee', 1)
('hearing', 1)
('hew', 1)
('cross-referencing', 1)
('sunshine', 1)
('withstand', 1)
('disclosure', 1)
('deceptive', 1)
('inconvenience', 1)
('data-gathering', 1)
('fundraising', 1)
('activist', 1)
('resentment', 1)
('finland', 1)
('addressee', 1)
('corollary', 1)
('permission', 1)
('checklist', 1)
('suspect', 1)
('heterogeneity', 1)
('ignore', 1)
('aphorism', 1)
('web', 1)
('frequent-flyer', 1)
('affinity', 1)
('donnelley', 1)
('dun', 1)
('bradstreet', 1)
('polk', 1)
('aggravates', 1)
('controversy', 1)
('lawsuit', 1)
('grantor', 1)
('equifax', 1)
('trans', 1)
('trw', 1)
('mortgage', 1)
('change-of-address', 1)
('investing', 1)
('widen', 1)
('noise', 1)
('liability', 1)
('degrade', 1)
('perceives', 1)
('anger', 1)
('brings', 1)
('inaccuracy', 1)
('interviewee', 1)
('dictate', 1)
('duplicate', 1)
('compiler', 1)
('broker', 1)
('horton', 1)
('designation', 1)
('intrudes', 1)
('resent', 1)
('verify', 1)
('everybody', 1)
('dma', 1)
('isolation', 1)
('housekeeping', 1)
('dissemination', 1)
('ostracize', 1)
('noncompliance', 1)
('self-regulation', 1)
('lip', 1)
('shuts', 1)
('patchwork', 1)
('taxpayer', 1)
('dissent', 1)
('compilation', 1)
('july', 1)
('nonmarketing', 1)
('sweden', 1)
('allow', 1)
('wacker', 1)
('decouples', 1)
('integrates', 1)
('odds', 1)
('scheduler', 1)
('terminology', 1)
('equal', 1)
('misuse', 1)
('incongruent', 1)
('implementers', 1)
('bin', 1)
('robot', 1)
('elimination', 1)
('handcart', 1)
('wherever', 1)
('wise', 1)
('filter', 1)
('simplifies', 1)
('lock', 1)
('spc', 1)
('resort', 1)
('platt', 1)
('regularity', 1)
('subassemblies', 1)
('oems', 1)
('scene', 1)
('plane', 1)
('carrier', 1)
('permutation', 1)
('cancellation', 1)
('bothersome', 1)
('wip', 1)
('ic', 1)
('discovers', 1)
('recourse', 1)
('cross-purpose', 1)
('skate', 1)
('luck', 1)
('salient', 1)
('tactician', 1)
('—whether', 1)
('lift', 1)
('pallet', 1)
('ala', 1)
('downtime', 1)
('build-to-order', 1)
('filling', 1)
('seat-of-the-pants', 1)
('august', 1)
('dark', 1)
('interacting', 1)
('investigate', 1)
('propagate', 1)
('mrp', 1)
('nut', 1)
('bolt', 1)
('cad/cam', 1)
('balancing', 1)
('cost/service', 1)
('inflicts', 1)
('haul', 1)
('mileage', 1)
('assembles', 1)
('susceptibility', 1)
('transformer', 1)
('voltage', 1)
('printer/country', 1)
('denmark', 1)
('accept', 1)
('write-off', 1)
('cake', 1)
('shipper', 1)
('re-supply', 1)
('predicament', 1)
('rafter', 1)
('swifter', 1)
('suitor', 1)
('downright', 1)
('conservation', 1)
('sigma', 1)
('insufficient', 1)
('vulnerability', 1)
('judging', 1)
('after-sales', 1)
('prioritizes', 1)
('bang', 1)
('point-of-view', 1)
('chosen', 1)
('specifies', 1)
('vector', 1)
('curvature', 1)
('cj', 1)
('approximation', 1)
('denote', 1)
('worthwhile', 1)
('vj', 1)
('recalculate', 1)
('concavity', 1)
('denotes', 1)
('plentiful', 1)
('subjectivity', 1)
('convex', 1)
('alteration', 1)
('explosion', 1)
('full-color', 1)
('tank', 1)
('rifle', 1)
('sortie', 1)
('bombing', 1)
('missile', 1)
('immense', 1)
('receiver', 1)
('harbinger', 1)
('accessibility', 1)
('have-not', 1)
('elin', 1)
('republic', 1)
('jungle', 1)
('village', 1)
('night', 1)
('villager', 1)
('watch', 1)
('mtv', 1)
('destruction', 1)
('filtering', 1)
('nuke', 1)
('eduard', 1)
('shevardnadze', 1)
('le', 1)
('ozone', 1)
('cancer', 1)
('gilbert', 1)
('hugo', 1)
('acute', 1)
('sewer', 1)
('admonition', 1)
('agility', 1)
('broadband', 1)
('fiber', 1)
('fixation', 1)
('distribute', 1)
('diplomatic', 1)
('intervention', 1)
('evacuation', 1)
('remote', 1)
('distress', 1)
('pollution', 1)
('immigration', 1)
('defuse', 1)
('seaport', 1)
('aviation', 1)
('sea', 1)
('angel', 1)
('fiery', 1)
('vigil', 1)
('typhoon', 1)
('volcano', 1)
('earthquake', 1)
('mexico', 1)
('iraq', 1)
('altitude', 1)
('endurance', 1)
('radar', 1)
('disaster-communications', 1)
('commander', 1)
('chernobyl', 1)
('battalion', 1)
('toxic', 1)
('boot', 1)
('camp', 1)
('prison', 1)
('reintegration', 1)
('tennessee', 1)
('courtroom', 1)
('floor', 1)
('combat', 1)
('trainer', 1)
('employability', 1)
('virginia', 1)
('dc', 1)
('council', 1)
('dod', 1)
('preparedness', 1)
('ddac', 1)
('companion', 1)
('altruism', 1)
('grant', 1)
('friend', 1)
('admit', 1)
('memorizing', 1)
('crossword', 1)
('puzzle', 1)
('teaser', 1)
('unwillingness', 1)
('ignores', 1)
('rewarding', 1)
('tennis', 1)
('incompetence', 1)
('michael', 1)
('detection', 1)
('twice', 1)
('ritual', 1)
('hears', 1)
('escape', 1)
('phobia', 1)
('desensitization', 1)
('stop', 1)
('unlearning', 1)
('peter', 1)
('delisi', 1)
('penny', 1)
('arcade', 1)
('interval', 1)
('whack', 1)
('gopher', 1)
('neck', 1)
('anytime', 1)
('induces', 1)
('dread', 1)
('defend', 1)
('rationalize', 1)
('defensiveness', 1)
('homeostasis', 1)
('seek', 1)
('curiosity', 1)
('kurt', 1)
('connect', 1)
('disconfirming', 1)
('teach', 1)
('disconfirmation', 1)
('journey', 1)
('wholeness', 1)
('longer-range', 1)
('ultimate', 1)
('occupation', 1)
('insecurity', 1)
('impatient', 1)
('selects', 1)
('reinforce', 1)
('glance', 1)
('musing', 1)
('inappropriate', 1)
('—suggests', 1)
('zero', 1)
('primer', 1)
('explication', 1)
('deserve', 1)
('plain', 1)
('correct', 1)
('beware', 1)
('countless', 1)
('format', 1)
('seduction', 1)
('apology', 1)
('admission', 1)
('forgiveness', 1)
('concise', 1)
('transparent', 1)
('summer', 1)
('tedium', 1)
('paucity', 1)
('recalculation', 1)
('chief', 1)
('banker', 1)
('ream', 1)
('reexamination', 1)
('pgdn', 1)
('multipage', 1)
('step-by-step', 1)
('pencil', 1)
('embarrassment', 1)
('pull', 1)
('a1oo', 1)
('a153', 1)
('e67', 1)
('underscore', 1)
('improves', 1)
('six-session', 1)
('apply', 1)
('appointment', 1)
('fascination', 1)
('neglect', 1)
('multisession', 1)
('subtraction', 1)
('multiplication', 1)
('perseverance', 1)
('insistence', 1)
('disappears', 1)
('overconfidence', 1)
('back', 1)
('bean-counters', 1)
('paradox', 1)
('outage', 1)
('void', 1)
('cleanroom', 1)
('vocabulary', 1)
('ai', 1)
('wave', 1)
('fortran', 1)
('intense', 1)
('qualifies', 1)
('clue', 1)
('everett', 1)
('synthesis', 1)
('routinization', 1)
('accumulates', 1)
('subscriber', 1)
('satisfactory', 1)
('qwerty', 1)
('typewriter', 1)
('typist', 1)
('horror', 1)
('induce', 1)
('predicts', 1)
('s-curve', 1)
('tide', 1)
('voter', 1)
('overview', 1)
('yourdon/constantine', 1)
('ramis', 1)
('ims', 1)
('mix-and-match', 1)
('apprenticeship', 1)
('simplify', 1)
('pointer', 1)
('textbook', 1)
('boosterism', 1)
('first-generation', 1)
('discriminator', 1)
('father', 1)
('yourdon', 1)
('demarco', 1)
('quadrant', 1)
('generator', 1)
('plateau', 1)
('lexicon', 1)
('touch', 1)
('placing', 1)
('capsule', 1)
('edits', 1)
('inherits', 1)
('subclass', 1)
('combustion', 1)
('physicist', 1)
('canine', 1)
('retriever', 1)
('taxonomy', 1)
('localize', 1)
('cascade', 1)
('ripple', 1)
('superclass', 1)
('tone', 1)
('administers', 1)
('polymorphism', 1)
('meantime', 1)
('summary', 1)
('ooa', 1)
('ood', 1)
('robs', 1)
('wider', 1)
('dbms', 1)
('subsidization', 1)
('seminar', 1)
('defection', 1)
('weaker', 1)
('animation', 1)
('text', 1)
('multilevel', 1)
('primary', 1)
('bleeding', 1)
('comprise', 1)
('default', 1)
('shelfware', 1)
('promising', 1)
('otherwise', 1)
('joining', 1)
('transient', 1)
('widescale', 1)
('multimedia', 1)
('communitywide', 1)
('october', 1)
('steward', 1)
('shut', 1)
('merchandiser', 1)
('wields', 1)
('veneto', 1)
('interchange', 1)
('incentive-compensation', 1)
('minneapolis', 1)
('degli', 1)
('esposti', 1)
('clan', 1)
('pfeffer', 1)
('externalization', 1)
('free-lance', 1)
('arc', 1)
('eafs', 1)
('ccps', 1)
('market-average', 1)
('manages', 1)
('durables', 1)
('corporate-level', 1)
('tire', 1)
('pirelli', 1)
('ilm', 1)
('appraise', 1)
('customizing', 1)
('managed', 1)
('modulation', 1)
('pharmacology', 1)
('sygen', 1)
('montalcini', 1)
('nobel', 1)
('protein', 1)
('gerald', 1)
('neuroscience', 1)
('neurology', 1)
('inquadramento', 1)
('temporary', 1)
('part-timer', 1)
('gruppo', 1)
('finanziario', 1)
('medium-quality', 1)
('marco', 1)
('valentino', 1)
('louis', 1)
('feraud', 1)
('collaborator', 1)
('treaty', 1)
('circulates', 1)
('bullishness', 1)
('write', 1)
('hayes', 1)
('managing', 1)
('persists', 1)
('sidebar', 1)
('countervail', 1)
('sake', 1)
('concreteness', 1)
('stretch', 1)
('liquidity', 1)
('crunch', 1)
('maynard', 1)
('keynes', 1)
('affliction', 1)
('asymmetry', 1)
('donaldson', 1)
('awkward', 1)
('leading-edge', 1)
('aeronautics', 1)
('cast', 1)
('capitalist', 1)
('leap', 1)
('aftermath', 1)
('recover', 1)
('steadiness', 1)
('headline', 1)
('mid-1960s', 1)
('hang', 1)
('staunch', 1)
('upturn', 1)
('grove', 1)
('exhortation', 1)
('cross-industry', 1)
('port-folio', 1)
('delta', 1)
('hunter', 1)
('coup', 1)
('bag', 1)
('grace', 1)
('bargain-hunting', 1)
('market-to-book', 1)
('faster', 1)
('minus', 1)
('serf', 1)
('block', 1)
('sunk', 1)
('–the', 1)
('subscale', 1)
('thirty-six-point', 1)
('dominates', 1)
('rescession', 1)
('jewelry', 1)
('cutter', 1)
('australia', 1)
('craze', 1)
('gemquality', 1)
('adornment', 1)
('stock-piling', 1)
('treadmill', 1)
('perpetuation', 1)
('acknowledge', 1)
('prudent', 1)
('concord', 1)
('massachusetts', 1)
('revolutionary', 1)
('volley', 1)
('fence', 1)
('toll', 1)
('opponent', 1)
('prepare', 1)
('outmaneuver', 1)
('r2', 1)
('m2', 1)
('defeat', 1)
('army', 1)
('shoot', 1)
('terrain', 1)
('countryside', 1)
('cavalry', 1)
('locale', 1)
('in-depth', 1)
('functional', 1)
('appendix', 1)
('friction', 1)
('micron', 1)
('attach', 1)
('transforms', 1)
('intensive', 1)
('sematech', 1)
('collaboration', 1)
('commercialization', 1)
('sixteen-bit', 1)
('licensor', 1)
('collaborate', 1)
('self-sufficiency', 1)
('possessing', 1)
('long-run', 1)
('leaky', 1)
('sub-micron', 1)
('hinders', 1)
('brilliant', 1)
('—a', 1)
('refer', 1)
('multicompany', 1)
('intercompany', 1)
('withdrawn', 1)
('reposition', 1)
('protectionist', 1)
('slip', 1)
('confrontation', 1)
('baldrige', 1)
('innovative', 1)
('improve', 1)
('library', 1)
('gate', 1)
('pld', 1)
('generalize', 1)
('playing', 1)
('withdraw', 1)
('motorola', 1)
('efficacy', 1)
('leaf', 1)
('wane', 1)
('dominate', 1)
('prerequisite', 1)
('quantification', 1)
('transcription', 1)
('—were', 1)
('architect', 1)
('misunderstand', 1)
('accountant', 1)
('accountancy', 1)
('underpinnings', 1)
('joseph', 1)
('shackle', 1)
('resonance', 1)
('butterfly', 1)
('tokyo', 1)
('comp', 1)
('deeper', 1)
('careerism', 1)
('litigation', 1)
('tenet', 1)
('commendation', 1)
('negotiate', 1)
('continuation', 1)
('agreed', 1)
('quit', 1)
('electric', 1)
('sure', 1)
('spate', 1)
('malady', 1)
('productive', 1)
('span', 1)
('intersection', 1)
('congruent', 1)
('pizza', 1)
('hut', 1)
('evening', 1)
('franchisee', 1)
('individuality', 1)
('favorable', 1)
('egg', 1)
('franchise', 1)
('believe', 1)
('dissatisfaction', 1)
('son', 1)
('resents', 1)
('—whereas', 1)
('three-fifths', 1)
('nonwork', 1)
('—women', 1)
('lifestyle', 1)
('denies', 1)
('beneficiary', 1)
('hedge', 1)
('wells2', 1)
('macrostructure', 1)
('mind-set', 1)
('anatomy', 1)
('changing', 1)
('nuance', 1)
('recast', 1)
('clarity', 1)
('meaningful', 1)
('turbulent', 1)
('multiple-indicator', 1)
('doz', 1)
('one-to-one', 1)
('commoditization', 1)
('ghoshal', 1)
('intrafirm', 1)
('affiliate', 1)
('proxy', 1)
('delineate', 1)
('measuring', 1)
('confronting', 1)
('advertising-to-sales', 1)
('ø', 1)
('juxtaposition', 1)
('conceptualization', 1)
('envision', 1)
('overlay', 1)
('seagram', 1)
('reckitt', 1)
('freuhaut', 1)
('proceeds', 1)
('remit', 1)
('cie', 1)
('cummins', 1)
('bertelsmann', 1)
('blue', 1)
('krupp', 1)
('electrolux', 1)
('ici', 1)
('biscuit', 1)
('freuhauf', 1)
('hoechst', 1)
('norton', 1)
('solvay', 1)
('predominate', 1)
('placid', 1)
('environment-structure', 1)
('multiunit', 1)
('reiterate', 1)
('identifying', 1)
('corporate-division', 1)
('multiproduct', 1)
('rubric', 1)
('detract', 1)
