system,652
company,545
firm,542
manager,538
product,503
management,479
customer,415
business,387
process,322
sale,321
service,273
strategy,255
production,247
case,230
alliance,208
change,193
unit,168
price,163
market,162
brand,157
bank,156
decision,152
quality,147
design,137
negotiator,137
counterpart,131
information,127
culture,127
time,124
technology,124
plant,111
problem,107
board,105
objective,104
organization,101
team,101
role,97
worker,97
model,96
supplier,92
stage,86
cio,85
group,85
cost,82
knowledge,76
negotiation,76
example,69
variable,68
percent,68
people,67
member,67
partner,67
value,65
payment,64
director,64
industry,63
activity,62
work,61
—,59
job,58
development,58
config,57
pricing,55
alternative,55
user,55
employee,54
configuration,53
level,53
ceo,51
risk,49
script,48
template,47
buyer,47
location,45
project,44
consumer,43
relation,43
samios,43
position,43
developer,42
approach,41
cash,41
transformation,41
volume,41
manufacturing,41
tqm,41
error,40
research,39
flower,39
tool,38
interaction,38
control,36
performance,36
delivery,35
name,34
motorola,34
toyota,34
network,34
currency,34
machine,34
style,33
gm,33
part,31
relationship,31
aircraft,31
capability,31
commitment,30
benefit,30
union,29
committee,28
shareholder,27
payoff,27
computer,27
opportunity,27
resource,27
controller,26
analysis,25
prisoner,25
situation,25
data,24
engineer,24
structure,24
maker,23
dealer,23
party,23
governance,22
game,22
cooperate,22
equipment,22
competency,22
corporation,21
executive,21
state,20
step,20
engine,20
core,20
assembly,20
car,20
theory,19
familiarity,19
purchase,18
function,18
satisfaction,17
method,15
component,15
expectation,15
redeployment,15
output,14
poka-yokes,14
vision,14
cmi,12
program,11
asset,10
sheet,7
president,6
question,6
