service,484
management,355
cost,326
example,281
way,223
risk,207
asset,174
price,169
relationship,157
center,134
benefit,126
opportunity,116
interest,110
objective,108
job,84
responsibility,67
end,66
kind,50
growth,48
manage,48
capacity,47
protection,45
see,37
attention,35
future,35
concern,27
range,27
image,25
perspective,24
move,21
opinion,20
outcome,19
respond,18
debate,16
create,16
property,16
conflict,15
reality,15
set,14
circumstance,14
argue,10
consideration,10
become,10
protect,8
controversy,5
dilemma,4
illustrates,2
ignores,2
clear-cutting,2
maintains,1
