('company', 1128)
('business', 522)
('data', 487)
('people', 417)
('leader', 411)
('customer', 394)
('organization', 387)
('employee', 360)
('value', 324)
('way', 311)
('work', 309)
('product', 306)
('innovation', 304)
('time', 303)
('technology', 300)
('model', 271)
('platform', 269)
('team', 263)
('change', 246)
('example', 245)
('service', 235)
('market', 223)
('manager', 186)
('system', 168)
('year', 163)
('world', 162)
('process', 155)
('problem', 151)
('executive', 151)
('industry', 150)
('strategy', 146)
('research', 145)
('opportunity', 141)
('idea', 141)
('others', 136)
('culture', 135)
('disruption', 130)
('decision', 130)
('leadership', 129)
('experience', 126)
('job', 125)
('capability', 119)
('network', 118)
('management', 117)
('effort', 115)
('partner', 115)
('group', 114)
('user', 113)
('question', 112)
('thing', 112)
('stakeholder', 111)
('consumer', 109)
('solution', 109)
('part', 108)
('approach', 107)
('performance', 107)
('practice', 106)
('information', 104)
('case', 104)
('need', 100)
('development', 100)
('resource', 99)
('design', 95)
('chain', 94)
('tool', 94)
('risk', 92)
('result', 91)
('source', 90)
('access', 89)
('choice', 89)
('uncertainty', 87)
('challenge', 86)
('exchange', 86)
('ceo', 85)
('program', 85)
('software', 84)
('experiment', 83)
('startup', 82)
('day', 82)
('effect', 81)
('help', 80)
('level', 79)
('use', 79)
('article', 79)
('health', 79)
('skill', 78)
('sense', 77)
('instance', 77)
('share', 76)
('transformation', 76)
('cost', 76)
('worker', 76)
('ecosystem', 74)
('investment', 74)
('number', 74)
('activity', 73)
('action', 73)
('benefit', 73)
('success', 72)
('today', 71)
('plan', 71)
('ability', 71)
('project', 71)
('collaboration', 70)
('member', 70)
('space', 69)
('revenue', 69)
('insight', 68)
('role', 68)
('amazon', 66)
('support', 65)
('goal', 64)
('decade', 63)
('point', 63)
('course', 63)
('issue', 63)
('impact', 63)
('threat', 62)
('crisis', 62)
('thats', 62)
('home', 61)
('economy', 61)
('attention', 61)
('power', 61)
('sensor', 61)
('apple', 60)
('care', 60)
('kind', 60)
('knowledge', 59)
('car', 59)
('individual', 59)
('office', 59)
('meeting', 59)
('behavior', 58)
('life', 58)
('relationship', 57)
('growth', 56)
('expert', 55)
('step', 55)
('incumbent', 55)
('competitor', 54)
('future', 54)
('factor', 54)
('place', 53)
('application', 53)
('area', 52)
('advantage', 52)
('environment', 52)
('learning', 52)
('outcome', 52)
('type', 52)
('supply', 52)
('interaction', 51)
('device', 51)
('task', 50)
('something', 50)
('community', 50)
('connection', 49)
('one', 48)
('order', 48)
('term', 48)
('control', 48)
('computer', 48)
('path', 47)
('shift', 47)
('reality', 47)
('interest', 47)
('energy', 47)
('study', 47)
('core', 47)
('supplier', 46)
('condition', 46)
('capital', 46)
('employer', 46)
('signal', 44)
('production', 44)
('everyone', 43)
('response', 42)
('money', 42)
('cybersecurity', 42)
('focus', 41)
('nature', 41)
('communication', 41)
('colleague', 41)
('create', 40)
('medium', 40)
('situation', 40)
('trust', 40)
('drug', 40)
('whats', 39)
('building', 39)
('government', 39)
('vehicle', 39)
('element', 39)
('analysis', 39)
('driver', 39)
('shareholder', 39)
('board', 38)
('operation', 38)
('sale', 38)
('fact', 38)
('engineer', 38)
('person', 38)
('google', 37)
('offering', 37)
('initiative', 37)
('return', 37)
('line', 37)
('proposition', 37)
('disrupters', 37)
('end', 36)
('offer', 36)
('provider', 36)
('event', 36)
('bias', 36)
('test', 35)
('venture', 35)
('state', 35)
('period', 35)
('patient', 35)
('unit', 35)
('entrepreneur', 35)
('workforce', 35)
('innovator', 35)
('blockchain', 35)
('machine', 34)
('feature', 34)
('talent', 34)
('position', 34)
('price', 34)
('investor', 34)
('history', 34)
('theory', 34)
('lab', 34)
('crowd', 34)
('career', 34)
('accelerator', 34)
('competition', 33)
('participant', 33)
('purchase', 33)
('client', 33)
('country', 33)
('bank', 33)
('gain', 33)
('reason', 33)
('hour', 33)
('firm', 33)
('profit', 32)
('measure', 32)
('set', 31)
('phone', 31)
('manufacturer', 31)
('force', 31)
('view', 31)
('priority', 31)
('trend', 31)
('education', 31)
('responsibility', 31)
('conversation', 31)
('concern', 31)
('method', 31)
('author', 31)
('room', 31)
('story', 31)
('structure', 30)
('circumstance', 30)
('function', 30)
('commitment', 30)
('expectation', 30)
('consumption', 30)
('option', 30)
('quality', 30)
('variety', 30)
('hand', 30)
('rate', 29)
('marketing', 29)
('status', 29)
('center', 29)
('moment', 29)
('capacity', 29)
('safety', 29)
('dont', 29)
('there', 29)
('field', 29)
('emotion', 29)
('card', 29)
('combination', 28)
('aspect', 28)
('asset', 28)
('treatment', 28)
('voice', 28)
('expertise', 28)
('month', 28)
('lot', 28)
('attack', 28)
('training', 28)
('credit', 28)
('labor', 27)
('lesson', 27)
('university', 27)
('scenario', 27)
('assumption', 27)
('form', 27)
('analytics', 27)
('manage', 27)
('improvement', 27)
('engagement', 27)
('matter', 27)
('experimentation', 27)
('workplace', 27)
('climate', 27)
('christensen', 27)
('society', 26)
('player', 26)
('move', 26)
('direction', 26)
('failure', 26)
('progress', 26)
('school', 26)
('report', 26)
('demand', 26)
('distribution', 26)
('good', 26)
('let', 26)
('someone', 26)
('word', 26)
('intelligence', 26)
('facebook', 26)
('increase', 26)
('party', 26)
('framework', 25)
('exercise', 25)
('operating', 25)
('transition', 25)
('variable', 25)
('developer', 25)
('scale', 25)
('pattern', 25)
('face', 25)
('consequence', 25)
('scope', 25)
('video', 25)
('online', 25)
('review', 25)
('star', 25)
('resilience', 24)
('founder', 24)
('base', 24)
('sector', 24)
('retailer', 24)
('habit', 24)
('pandemic', 24)
('youre', 24)
('week', 24)
('record', 24)
('rider', 24)
('internet', 23)
('maker', 23)
('everything', 23)
('owner', 23)
('security', 23)
('influence', 23)
('science', 23)
('researcher', 23)
('call', 23)
('doesnt', 23)
('creator', 23)
('patent', 23)
('possibility', 22)
('evidence', 22)
('addition', 22)
('book', 22)
('farmer', 22)
('portfolio', 22)
('creation', 22)
('survey', 22)
('transparency', 22)
('disease', 22)
('century', 22)
('content', 22)
('difference', 22)
('transaction', 22)
('regulation', 21)
('range', 21)
('director', 21)
('flexibility', 21)
('target', 21)
('advance', 21)
('basis', 21)
('meet', 21)
('loss', 21)
('amount', 21)
('search', 21)
('president', 21)
('deal', 21)
('war', 21)
('trade', 21)
('stage', 21)
('family', 21)
('vision', 21)
('mindset', 21)
('travel', 21)
('disrupter', 21)
('equipment', 20)
('principle', 20)
('department', 20)
('metric', 20)
('component', 20)
('key', 20)
('division', 20)
('ownership', 20)
('quo', 20)
('act', 20)
('manufacturing', 20)
('food', 20)
('creativity', 20)
('message', 20)
('understand', 20)
('institution', 20)
('region', 20)
('interview', 20)
('capture', 19)
('infrastructure', 19)
('staff', 19)
('policy', 19)
('partnership', 19)
('entrant', 19)
('side', 19)
('constraint', 19)
('city', 19)
('purpose', 19)
('mit', 19)
('generation', 19)
('efficiency', 19)
('productivity', 19)
('location', 19)
('editor', 19)
('version', 19)
('death', 19)
('cash', 19)
('cyberattacks', 19)
('margin', 19)
('detail', 19)
('store', 19)
('respond', 18)
('eye', 18)
('insurance', 18)
('pay', 18)
('music', 18)
('show', 18)
('complexity', 18)
('uber', 18)
('category', 18)
('hundred', 18)
('learn', 18)
('workspace', 18)
('tech', 18)
('scientist', 18)
('list', 18)
('session', 18)
('transportation', 18)
('account', 18)
('channel', 18)
('analyst', 17)
('mission', 17)
('architecture', 17)
('planning', 17)
('pool', 17)
('rival', 17)
('professor', 17)
('payment', 17)
('dollar', 17)
('contract', 17)
('satisfaction', 17)
('student', 17)
('perspective', 17)
('thinking', 17)
('code', 17)
('get', 17)
('importance', 17)
('chance', 17)
('protection', 17)
('college', 17)
('phase', 17)
('revolution', 17)
('discussion', 17)
('foundation', 17)
('million', 17)
('dsm', 17)
('hire', 17)
('shock', 16)
('engineering', 16)
('delivery', 16)
('schedule', 16)
('news', 16)
('context', 16)
('item', 16)
('ask', 16)
('consider', 16)
('mistake', 16)
('stock', 16)
('isnt', 16)
('thousand', 16)
('boundary', 16)
('pressure', 16)
('standard', 16)
('facility', 16)
('map', 16)
('speed', 16)
('anyone', 16)
('theyre', 16)
('fear', 16)
('coronavirus', 16)
('population', 16)
('china', 16)
('actor', 16)
('designer', 16)
('desire', 16)
('therapy', 16)
('com', 16)
('didnt', 16)
('iphone', 15)
('technique', 15)
('feedback', 15)
('pace', 15)
('implication', 15)
('rule', 15)
('brand', 15)
('logistics', 15)
('push', 15)
('turn', 15)
('privacy', 15)
('contribution', 15)
('right', 15)
('woman', 15)
('air', 15)
('balance', 15)
('weakness', 15)
('age', 15)
('finding', 15)
('judgment', 15)
('law', 15)
('feel', 15)
('producer', 15)
('topic', 15)
('cyberattack', 15)
('trap', 15)
('gene', 15)
('clayton', 15)
('see', 15)
('gap', 14)
('enterprise', 14)
('trial', 14)
('anything', 14)
('sustainability', 14)
('waste', 14)
('look', 14)
('ad', 14)
('factory', 14)
('child', 14)
('mark', 14)
('human', 14)
('drive', 14)
('strength', 14)
('vulnerability', 14)
('stay', 14)
('movement', 14)
('make', 14)
('recommendation', 14)
('entity', 14)
('professional', 14)
('encounter', 14)
('influencers', 14)
('database', 14)
('energizer', 14)
('electronics', 13)
('netflix', 13)
('smartphone', 13)
('identity', 13)
('accuracy', 13)
('input', 13)
('potential', 13)
('promise', 13)
('size', 13)
('talk', 13)
('post', 13)
('reputation', 13)
('trade-off', 13)
('discrimination', 13)
('answer', 13)
('game', 13)
('men', 13)
('virus', 13)
('vendor', 13)
('feeling', 13)
('doctor', 13)
('enhance', 13)
('language', 13)
('engine', 13)
('generate', 13)
('damage', 13)
('hotel', 13)
('hospital', 13)
('figure', 13)
('r', 13)
('mind', 13)
('battle', 13)
('mandate', 13)
('prototype', 13)
('flaw', 13)
('discount', 13)
('build', 13)
('coupon', 13)
('autoworks', 13)
('become', 12)
('authority', 12)
('style', 12)
('name', 12)
('harvard', 12)
('budget', 12)
('setting', 12)
('fee', 12)
('match', 12)
('norm', 12)
('edge', 12)
('mean', 12)
('comparison', 12)
('cause', 12)
('promotion', 12)
('solve', 12)
('site', 12)
('wave', 12)
('rise', 12)
('track', 12)
('integration', 12)
('background', 12)
('concept', 12)
('print', 12)
('limitation', 12)
('exposure', 12)
('belief', 12)
('kit', 12)
('difficulty', 12)
('note', 12)
('highlight', 12)
('victim', 12)
('lead', 12)
('series', 12)
('transfer', 12)
('microsofts', 12)
('barrier', 11)
('paper', 11)
('hypothesis', 11)
('run', 11)
('characteristic', 11)
('buyer', 11)
('enables', 11)
('subscription', 11)
('material', 11)
('address', 11)
('household', 11)
('digital', 11)
('charge', 11)
('water', 11)
('competency', 11)
('take', 11)
('alternative', 11)
('union', 11)
('chemical', 11)
('plant', 11)
('tension', 11)
('aid', 11)
('connect', 11)
('im', 11)
('check', 11)
('hardware', 11)
('email', 11)
('employment', 11)
('nation', 11)
('surprise', 11)
('predator', 11)
('break', 11)
('interface', 11)
('grocery', 11)
('nothing', 11)
('bezos', 11)
('alibaba', 11)
('blackberry', 11)
('app', 10)
('property', 10)
('fund', 10)
('courage', 10)
('lack', 10)
('valley', 10)
('entertainment', 10)
('printer', 10)
('seller', 10)
('impression', 10)
('recognition', 10)
('link', 10)
('tendency', 10)
('reward', 10)
('motivation', 10)
('floor', 10)
('diversity', 10)
('conflict', 10)
('vice', 10)
('shape', 10)
('confidence', 10)
('agency', 10)
('none', 10)
('finance', 10)
('door', 10)
('picture', 10)
('opinion', 10)
('percentage', 10)
('globe', 10)
('shopping', 10)
('bottom', 10)
('statement', 10)
('distributor', 10)
('valuation', 10)
('boost', 10)
('layer', 10)
('camp', 10)
('concentration', 10)
('conduct', 10)
('redesign', 10)
('identify', 9)
('body', 9)
('quartile', 9)
('adaptation', 9)
('contrast', 9)
('stream', 9)
('auto', 9)
('mile', 9)
('innovate', 9)
('embrace', 9)
('smartphones', 9)
('start', 9)
('routine', 9)
('cycle', 9)
('regulator', 9)
('monitor', 9)
('well', 9)
('stake', 9)
('accountability', 9)
('maintenance', 9)
('prediction', 9)
('spot', 9)
('journey', 9)
('availability', 9)
('consideration', 9)
('extent', 9)
('indicator', 9)
('heart', 9)
('intuition', 9)
('headquarters', 9)
('light', 9)
('advice', 9)
('hope', 9)
('try', 9)
('inventory', 9)
('weather', 9)
('collision', 9)
('discus', 9)
('server', 9)
('perception', 9)
('intervention', 9)
('contact', 9)
('algorithm', 9)
('leverage', 9)
('american', 9)
('edition', 9)
('coffee', 9)
('geography', 9)
('peer', 9)
('decline', 9)
('guideline', 9)
('citizen', 9)
('sign', 9)
('image', 9)
('biotech', 9)
('destruction', 9)
('frame', 9)
('cant', 9)
('partnering', 9)
('curation', 9)
('backlash', 9)
('analogy', 9)
('marketplace', 9)
('audience', 9)
('stop', 9)
('half', 9)
('domain', 9)
('flow', 9)
('airbnb', 9)
('williams', 9)
('bring', 9)
('tomorrow', 9)
('doubt', 9)
('dynamic', 9)
('chip', 9)
('dozen', 9)
('footprint', 9)
('cooperative', 9)
('governance', 8)
('adjustment', 8)
('adviser', 8)
('billion', 8)
('secure', 8)
('road', 8)
('conference', 8)
('tactic', 8)
('attempt', 8)
('mobility', 8)
('mode', 8)
('play', 8)
('economics', 8)
('guidance', 8)
('hurdle', 8)
('farm', 8)
('profitability', 8)
('brain', 8)
('truth', 8)
('coordination', 8)
('engage', 8)
('obligation', 8)
('corporation', 8)
('piece', 8)
('imagine', 8)
('shoe', 8)
('parker', 8)
('walmart', 8)
('encourage', 8)
('john', 8)
('ill', 8)
('prospect', 8)
('agriculture', 8)
('danger', 8)
('ai', 8)
('class', 8)
('probability', 8)
('volume', 8)
('display', 8)
('flu', 8)
('economist', 8)
('prosperity', 8)
('airline', 8)
('past', 8)
('limit', 8)
('trip', 8)
('assessment', 8)
('landscape', 8)
('contribute', 8)
('intermediary', 8)
('spending', 8)
('arm', 8)
('race', 8)
('peg', 8)
('pricing', 8)
('lens', 8)
('departure', 8)
('telecommunication', 8)
('selection', 8)
('crop', 8)
('dividend', 8)
('compensation', 8)
('suit', 8)
('traffic', 8)
('distance', 8)
('acquisition', 8)
('evolution', 8)
('boot', 8)
('ibm', 8)
('requirement', 8)
('becomes', 8)
('intel', 8)
('pursue', 8)
('ford', 8)
('peapod', 8)
('cooperation', 8)
('simulation', 8)
('fitness', 8)
('carbon', 8)
('reveals', 8)
('overload', 8)
('interpretation', 8)
('chamber', 8)
('breach', 8)
('hence', 7)
('insurer', 7)
('moreover', 7)
('automobile', 7)
('bottleneck', 7)
('silicon', 7)
('bit', 7)
('buying', 7)
('us', 7)
('utility', 7)
('dimension', 7)
('coordinate', 7)
('distraction', 7)
('incentive', 7)
('judge', 7)
('reach', 7)
('oil', 7)
('blog', 7)
('exploration', 7)
('retention', 7)
('wage', 7)
('recovery', 7)
('associate', 7)
('awareness', 7)
('agility', 7)
('pivot', 7)
('ship', 7)
('inventor', 7)
('comfort', 7)
('sound', 7)
('definition', 7)
('estate', 7)
('sea', 7)
('contagion', 7)
('notion', 7)
('tone', 7)
('anonymity', 7)
('street', 7)
('defense', 7)
('phenomenon', 7)
('remote', 7)
('guide', 7)
('meaning', 7)
('politics', 7)
('recover', 7)
('bankruptcy', 7)
('struggle', 7)
('credibility', 7)
('understanding', 7)
('array', 7)
('collection', 7)
('consultant', 7)
('reaction', 7)
('booking', 7)
('taxi', 7)
('workshop', 7)
('dvorak', 7)
('silo', 7)
('require', 7)
('playbook', 7)
('mainstream', 7)
('fit', 7)
('execution', 7)
('fate', 7)
('loan', 7)
('average', 7)
('mainframe', 7)
('house', 7)
('inertia', 7)
('musk', 7)
('jeff', 7)
('rocket', 7)
('flight', 7)
('object', 7)
('thought', 7)
('avoid', 7)
('christensens', 7)
('transform', 7)
('collaborate', 7)
('ethic', 7)
('candidate', 7)
('workday', 7)
('modularity', 7)
('head', 7)
('income', 7)
('modularization', 7)
('mattress', 7)
('marriott', 7)
('generates', 7)
('quantum', 7)
('everyones', 7)
('cambridge', 7)
('page', 7)
('profile', 7)
('preference', 7)
('bureaucracy', 7)
('summer', 7)
('stress', 7)
('mcdonalds', 7)
('rating', 7)
('arrangement', 7)
('monsanto', 7)
('ive', 7)
('playground', 7)
('barsade', 7)
('resilient', 6)
('europe', 6)
('japan', 6)
('contributor', 6)
('blockbuster', 6)
('package', 6)
('fleet', 6)
('entry', 6)
('alliance', 6)
('agreement', 6)
('club', 6)
('pain', 6)
('coverage', 6)
('fashion', 6)
('rent', 6)
('laboratory', 6)
('b2b', 6)
('legacy', 6)
('serve', 6)
('mechanism', 6)
('walk', 6)
('friction', 6)
('ground', 6)
('disaster', 6)
('tax', 6)
('observation', 6)
('motor', 6)
('wasnt', 6)
('zoom', 6)
('sort', 6)
('administration', 6)
('effectiveness', 6)
('connectivity', 6)
('making', 6)
('automation', 6)
('ambition', 6)
('curiosity', 6)
('interdependence', 6)
('inequality', 6)
('cofounder', 6)
('apps', 6)
('tackle', 6)
('fall', 6)
('certification', 6)
('dutch', 6)
('wellness', 6)
('surveillance', 6)
('thanks', 6)
('freedom', 6)
('promote', 6)
('estimate', 6)
('momentum', 6)
('affect', 6)
('ideal', 6)
('memory', 6)
('worry', 6)
('adult', 6)
('mother', 6)
('pharmaceutical', 6)
('sensemaking', 6)
('attribute', 6)
('communicate', 6)
('graduate', 6)
('spread', 6)
('foster', 6)
('retreat', 6)
('here', 6)
('win', 6)
('phoenix', 6)
('presence', 6)
('pilot', 6)
('curve', 6)
('degree', 6)
('find', 6)
('adoption', 6)
('approval', 6)
('obstacle', 6)
('dilemma', 6)
('battery', 6)
('giant', 6)
('yield', 6)
('ipo', 6)
('plastic', 6)
('tie', 6)
('relation', 6)
('photo', 6)
('collaborator', 6)
('merger', 6)
('fortune', 6)
('request', 6)
('intrapreneurs', 6)
('arent', 6)
('train', 6)
('shortage', 6)
('aspiration', 6)
('youve', 6)
('confirmation', 6)
('competence', 6)
('autonomy', 6)
('hilton', 6)
('ge', 6)
('night', 6)
('wall', 6)
('youtube', 6)
('hub', 6)
('supermarket', 6)
('scholar', 6)
('semiconductor', 6)
('sample', 6)
('vacation', 6)
('johnson', 6)
('clarity', 6)
('click', 6)
('carvana', 6)
('shes', 6)
('bill', 6)
('stuff', 6)
('emergency', 6)
('outdoors', 6)
('virtue', 6)
('controllability', 6)
('construction', 6)
('bayer', 6)
('nurture', 6)
('intrapreneurship', 6)
('shame', 6)
('cellphone', 5)
('horizon', 5)
('gathering', 5)
('appliance', 5)
('allocation', 5)
('align', 5)
('continue', 5)
('pioneer', 5)
('determine', 5)
('cultivate', 5)
('buy', 5)
('arena', 5)
('inefficiency', 5)
('dna', 5)
('sequence', 5)
('guarantee', 5)
('mix', 5)
('selling', 5)
('destination', 5)
('cancer', 5)
('gas', 5)
('covid-19', 5)
('desk', 5)
('wont', 5)
('hoc', 5)
('transport', 5)
('accommodation', 5)
('emerge', 5)
('persistence', 5)
('error', 5)
('panel', 5)
('execute', 5)
('span', 5)
('imagination', 5)
('distress', 5)
('smart', 5)
('temperature', 5)
('saving', 5)
('fire', 5)
('think', 5)
('boss', 5)
('reduces', 5)
('incorporate', 5)
('officer', 5)
('intention', 5)
('hr', 5)
('expression', 5)
('symptom', 5)
('secret', 5)
('consent', 5)
('applicant', 5)
('negotiation', 5)
('racism', 5)
('problem-solving', 5)
('refers', 5)
('catastrophe', 5)
('disrupt', 5)
('depression', 5)
('clock', 5)
('germany', 5)
('odds', 5)
('psychologist', 5)
('resistance', 5)
('decision-making', 5)
('involves', 5)
('refine', 5)
('survival', 5)
('teach', 5)
('takeda', 5)
('subsidiary', 5)
('earnings', 5)
('ass', 5)
('amplifier', 5)
('treat', 5)
('camera', 5)
('debate', 5)
('suggestion', 5)
('trevor', 5)
('dependency', 5)
('viewpoint', 5)
('camaraderie', 5)
('blueprint', 5)
('physician', 5)
('automaker', 5)
('intels', 5)
('segment', 5)
('fidelity', 5)
('corp', 5)
('visibility', 5)
('twitter', 5)
('complaint', 5)
('conglomerate', 5)
('expense', 5)
('programme', 5)
('supporter', 5)
('persuade', 5)
('avenue', 5)
('washington', 5)
('visit', 5)
('essence', 5)
('master', 5)
('jones', 5)
('robot', 5)
('wouldnt', 5)
('coauthor', 5)
('york', 5)
('hadnt', 5)
('thinker', 5)
('procedure', 5)
('crash', 5)
('emphasis', 5)
('native', 5)
('buzz', 5)
('assembly', 5)
('starbucks', 5)
('convenient', 5)
('shouldnt', 5)
('web', 5)
('sophistication', 5)
('description', 5)
('measurement', 5)
('deliberate', 5)
('love', 5)
('cohort', 5)
('association', 5)
('opposition', 5)
('bos', 5)
('specie', 5)
('stranger', 5)
('self', 5)
('discovery', 5)
('fight', 5)
('window', 5)
('webvan', 5)
('construct', 5)
('conclusion', 5)
('high-quality', 5)
('speaker', 5)
('motion', 5)
('era', 5)
('warning', 5)
('deception', 5)
('fix', 5)
('mindfulness', 5)
('meditation', 5)
('score', 5)
('sleep', 5)
('publishing', 5)
('chewy', 5)
('syngenta', 5)
('reserve', 5)
('working', 5)
('intent', 5)
('raise', 5)
('overwork', 5)
('surface', 5)
('bulb', 5)
('googletag', 5)
('solver', 5)
('cart', 5)
('express', 5)
('courtois', 5)
('zone', 5)
('mentor', 5)
('emission', 5)
('turnaround', 5)
('immutability', 5)
('personality', 5)
('password', 5)
('regression', 5)
('hastings', 4)
('havent', 4)
('allows', 4)
('dashboard', 4)
('samsung', 4)
('institute', 4)
('chaos', 4)
('criticism', 4)
('cloud', 4)
('renewal', 4)
('readiness', 4)
('drill', 4)
('sensation', 4)
('furniture', 4)
('ease', 4)
('film', 4)
('portion', 4)
('join', 4)
('b2c', 4)
('rock', 4)
('mine', 4)
('medication', 4)
('implement', 4)
('repair', 4)
('dealer', 4)
('box', 4)
('reveal', 4)
('safeguard', 4)
('relief', 4)
('instruction', 4)
('manner', 4)
('versus', 4)
('inaction', 4)
('exception', 4)
('art', 4)
('resident', 4)
('announcement', 4)
('letter', 4)
('output', 4)
('cut', 4)
('roundtable', 4)
('activist', 4)
('shipping', 4)
('hit', 4)
('consensus', 4)
('outset', 4)
('nike', 4)
('reduction', 4)
('spent', 4)
('signature', 4)
('gender', 4)
('multistage', 4)
('being', 4)
('turbulence', 4)
('imperative', 4)
('prepare', 4)
('breakthrough', 4)
('seek', 4)
('assistance', 4)
('deploy', 4)
('mobile', 4)
('character', 4)
('rank', 4)
('mass', 4)
('analyze', 4)
('radio', 4)
('incubator', 4)
('hallway', 4)
('planet', 4)
('calendar', 4)
('werent', 4)
('spirit', 4)
('mask', 4)
('movie', 4)
('marker', 4)
('inflection', 4)
('feed', 4)
('george', 4)
('police', 4)
('brutality', 4)
('enforcement', 4)
('explanation', 4)
('unemployment', 4)
('counterpart', 4)
('grows', 4)
('pet', 4)
('headline', 4)
('carrier', 4)
('existence', 4)
('inclusivity', 4)
('maintain', 4)
('invention', 4)
('toll', 4)
('peak', 4)
('cure', 4)
('lewin', 4)
('equity', 4)
('kid', 4)
('inability', 4)
('enthusiasm', 4)
('dive', 4)
('theme', 4)
('criterion', 4)
('pharmacy', 4)
('file', 4)
('preparation', 4)
('pocket', 4)
('chart', 4)
('shell', 4)
('gather', 4)
('tencent', 4)
('trouble', 4)
('wheel', 4)
('niche', 4)
('shop', 4)
('march', 4)
('youll', 4)
('adopter', 4)
('mail', 4)
('upstart', 4)
('disorder', 4)
('exit', 4)
('orchestrate', 4)
('delay', 4)
('implementation', 4)
('evaluation', 4)
('tesla', 4)
('apis', 4)
('grow', 4)
('compact', 4)
('mention', 4)
('develop', 4)
('capitalist', 4)
('fuel', 4)
('clothing', 4)
('banker', 4)
('cover', 4)
('duty', 4)
('spacex', 4)
('chase', 4)
('metaphor', 4)
('andrew', 4)
('parent', 4)
('storyteller', 4)
('likelihood', 4)
('commission', 4)
('robotics', 4)
('complex', 4)
('paradigm', 4)
('anomaly', 4)
('pc', 4)
('tell', 4)
('printing', 4)
('recruit', 4)
('fill', 4)
('efficacy', 4)
('advancement', 4)
('operate', 4)
('mentality', 4)
('wonder', 4)
('bridge', 4)
('midst', 4)
('academy', 4)
('bet', 4)
('pathway', 4)
('passionate', 4)
('educator', 4)
('biology', 4)
('jump', 4)
('weve', 4)
('vitality', 4)
('newcomer', 4)
('casper', 4)
('advertising', 4)
('poster', 4)
('similarity', 4)
('hearing', 4)
('sum', 4)
('premium', 4)
('lyft', 4)
('satellite', 4)
('website', 4)
('sell', 4)
('advertiser', 4)
('alexa', 4)
('speech', 4)
('differentiation', 4)
('ride-sharing', 4)
('bertolini', 4)
('glass', 4)
('wack', 4)
('reflection', 4)
('projection', 4)
('warfare', 4)
('demographic', 4)
('minute', 4)
('tip', 4)
('gun', 4)
('complication', 4)
('pitfall', 4)
('come', 4)
('inspection', 4)
('goodwill', 4)
('friend', 4)
('wisdom', 4)
('differs', 4)
('indoors', 4)
('protocol', 4)
('exhaustion', 4)
('proximity', 4)
('sanitizer', 4)
('haier', 4)
('me', 4)
('pursuit', 4)
('broker', 4)
('freelancer', 4)
('inclusion', 4)
('isolation', 4)
('trump', 4)
('foot', 4)
('kiosk', 4)
('restaurant', 4)
('restriction', 4)
('whirlpool', 4)
('cmd', 4)
('produce', 4)
('transformative', 4)
('encourages', 4)
('memo', 4)
('sus', 4)
('guy', 4)
('succession', 4)
('a/b', 4)
('boat', 4)
('bizspark', 4)
('weworks', 4)
('appointment', 4)
('hack', 4)
('blockchains', 4)
('stability', 3)
('performer', 3)
('bonus', 3)
('dvd', 3)
('renter', 3)
('subscriber', 3)
('exists', 3)
('read', 3)
('claim', 3)
('expansion', 3)
('hierarchy', 3)
('discipline', 3)
('wider', 3)
('kodak', 3)
('endeavor', 3)
('ride', 3)
('av', 3)
('formulation', 3)
('mature', 3)
('happens', 3)
('purchasing', 3)
('membership', 3)
('hold', 3)
('airport', 3)
('steel', 3)
('mining', 3)
('arise', 3)
('monitoring', 3)
('convenience', 3)
('prevents', 3)
('lane', 3)
('tractor', 3)
('india', 3)
('proxy', 3)
('indication', 3)
('livelihood', 3)
('multiple', 3)
('circle', 3)
('define', 3)
('inspiration', 3)
('motivates', 3)
('slice', 3)
('park', 3)
('egg', 3)
('downturn', 3)
('speak', 3)
('cope', 3)
('csr', 3)
('advocate', 3)
('gulf', 3)
('capitalism', 3)
('harder', 3)
('toxic', 3)
('externality', 3)
('calculation', 3)
('reorganization', 3)
('trading', 3)
('activism', 3)
('collaborative', 3)
('agenda', 3)
('reconfigure', 3)
('glue', 3)
('high-performance', 3)
('phrase', 3)
('statistic', 3)
('excuse', 3)
('switch', 3)
('willingness', 3)
('eliminate', 3)
('financing', 3)
('paradox', 3)
('excellence', 3)
('smr', 3)
('shore', 3)
('david', 3)
('boston', 3)
('ancona', 3)
('mitigate', 3)
('deliver', 3)
('ingenuity', 3)
('blood', 3)
('cadence', 3)
('inequity', 3)
('africa', 3)
('understood', 3)
('seed', 3)
('chairman', 3)
('holding', 3)
('well-being', 3)
('envision', 3)
('affirmation', 3)
('infection', 3)
('demonstrate', 3)
('investigate', 3)
('architect', 3)
('kitchen', 3)
('wing', 3)
('relevant', 3)
('proportion', 3)
('earth', 3)
('argument', 3)
('regardless', 3)
('slack', 3)
('text', 3)
('videoconferences', 3)
('israel', 3)
('singapore', 3)
('currency', 3)
('taylor', 3)
('optimize', 3)
('dot', 3)
('harness', 3)
('processing', 3)
('pitch', 3)
('illness', 3)
('interpret', 3)
('protest', 3)
('combat', 3)
('housing', 3)
('cfo', 3)
('watercooler', 3)
('table', 3)
('modification', 3)
('sport', 3)
('teacher', 3)
('present', 3)
('invasion', 3)
('commerce', 3)
('globalization', 3)
('empire', 3)
('wealth', 3)
('simple', 3)
('posse', 3)
('copy', 3)
('diagnosis', 3)
('vaccine', 3)
('sphere', 3)
('aim', 3)
('coherent', 3)
('trait', 3)
('predictor', 3)
('classroom', 3)
('worldviews', 3)
('nadella', 3)
('microsoft', 3)
('california', 3)
('collect', 3)
('equation', 3)
('ingredient', 3)
('dragon', 3)
('misunderstand', 3)
('fruition', 3)
('extraction', 3)
('legitimacy', 3)
('june', 3)
('release', 3)
('expose', 3)
('chair', 3)
('groundwork', 3)
('catalyst', 3)
('facilitator', 3)
('shine', 3)
('outsider', 3)
('vantage', 3)
('multiplicity', 3)
('boon', 3)
('man', 3)
('commodity', 3)
('meat', 3)
('animal', 3)
('land', 3)
('bulk', 3)
('hill', 3)
('dominance', 3)
('envelope', 3)
('product-market', 3)
('arc', 3)
('emergence', 3)
('press', 3)
('tourism', 3)
('objective', 3)
('confront', 3)
('lender', 3)
('varies', 3)
('xchange', 3)
('ten', 3)
('complementors', 3)
('capitalization', 3)
('iteration', 3)
('buyback', 3)
('disney', 3)
('anticipate', 3)
('pound', 3)
('prevent', 3)
('dsms', 3)
('grid', 3)
('dialogue', 3)
('pipeline', 3)
('distribute', 3)
('consultancy', 3)
('debt', 3)
('co-ceo', 3)
('backer', 3)
('elon', 3)
('salesforce', 3)
('zipcar', 3)
('shortcut', 3)
('attendee', 3)
('convince', 3)
('vanessa', 3)
('listener', 3)
('block', 3)
('scarcity', 3)
('mouse', 3)
('tissue', 3)
('attract', 3)
('aversion', 3)
('sit', 3)
('sun', 3)
('extension', 3)
('precision', 3)
('gate', 3)
('sears', 3)
('joy', 3)
('explosion', 3)
('convergence', 3)
('brick-and-mortar', 3)
('pas', 3)
('lever', 3)
('manufacture', 3)
('zettabyte', 3)
('versa', 3)
('facebooks', 3)
('wait', 3)
('learner', 3)
('policymakers', 3)
('attendance', 3)
('studio', 3)
('enter', 3)
('army', 3)
('accounting', 3)
('amazonians', 3)
('credential', 3)
('popularity', 3)
('artist', 3)
('breed', 3)
('leaf', 3)
('territory', 3)
('default', 3)
('low-quality', 3)
('interact', 3)
('delusion', 3)
('glossier', 3)
('reliability', 3)
('particular', 3)
('ubers', 3)
('fringe', 3)
('toyota', 3)
('supervisor', 3)
('representative', 3)
('traveler', 3)
('host', 3)
('operator', 3)
('loyalty', 3)
('scandal', 3)
('outfit', 3)
('merchant', 3)
('compete', 3)
('unique', 3)
('cable', 3)
('tv', 3)
('advertisement', 3)
('border', 3)
('stack', 3)
('tailor', 3)
('outperform', 3)
('want', 3)
('adopt', 3)
('grab', 3)
('contractor', 3)
('digitization', 3)
('concentrate', 3)
('introduction', 3)
('spawn', 3)
('optimization', 3)
('cryptography', 3)
('filing', 3)
('scrutiny', 3)
('tale', 3)
('route', 3)
('prowess', 3)
('proof', 3)
('lie', 3)
('participation', 3)
('kegan', 3)
('chronic', 3)
('deeper', 3)
('procter', 3)
('rein', 3)
('bridgewater', 3)
('muscle', 3)
('defeat', 3)
('top', 3)
('presentation', 3)
('deliverable', 3)
('bandwidth', 3)
('gadget', 3)
('watch', 3)
('alarm', 3)
('predict', 3)
('anothers', 3)
('keyboard', 3)
('button', 3)
('drop', 3)
('analytica', 3)
('configuration', 3)
('replica', 3)
('storage', 3)
('who', 3)
('romeo', 3)
('courtesy', 3)
('begin', 3)
('simon', 3)
('understands', 3)
('stitch', 3)
('beauty', 3)
('total', 3)
('spreadsheet', 3)
('zimbabwe', 3)
('spillover', 3)
('orchestrator', 3)
('aggression', 3)
('spectrum', 3)
('tree', 3)
('alert', 3)
('mood', 3)
('chloroquine', 3)
('scan', 3)
('contest', 3)
('speaking', 3)
('interacts', 3)
('front', 3)
('magnifies', 3)
('rhythm', 3)
('merit', 3)
('specialist', 3)
('tier', 3)
('circuit', 3)
('quarter', 3)
('coworking', 3)
('jolt', 3)
('misinformation', 3)
('nurse', 3)
('anxiety', 3)
('grant', 3)
('minority', 3)
('populism', 3)
('provide', 3)
('blind', 3)
('toothbrush', 3)
('intuit', 3)
('refrigerator', 3)
('shut', 3)
('diverse', 3)
('comment', 3)
('distinction', 3)
('tomo', 3)
('father', 3)
('frustration', 3)
('september', 3)
('theyve', 3)
('sooner', 3)
('parameter', 3)
('duckworth', 3)
('significance', 3)
('shopper', 3)
('gilchrist', 3)
('suspicion', 3)
('stick', 3)
('rigor', 3)
('safer', 3)
('naysayer', 3)
('enlist', 3)
('appraisal', 3)
('ranking', 3)
('moderation', 3)
('tenure', 3)
('brin', 3)
('martin', 3)
('sculley', 3)
('rest', 3)
('entrepreneurship', 3)
('kane', 3)
('foer', 3)
('continuation', 3)
('schneider', 3)
('leap', 3)
('optimism', 3)
('attrition', 3)
('contraption', 3)
('wallet', 3)
('ethereum', 3)
('attacker', 3)
('latent', 3)
('risk-assessment', 2)
('external', 2)
('organize', 2)
('overhaul', 2)
('literature', 2)
('forward', 2)
('reversal', 2)
('dynamic-capabilities', 2)
('tease', 2)
('repository', 2)
('samsungs', 2)
('holder', 2)
('yahoo', 2)
('gauge', 2)
('meant', 2)
('validity', 2)
('conjunction', 2)
('strategist', 2)
('amenity', 2)
('timeline', 2)
('hole', 2)
('checkpoint', 2)
('perform', 2)
('burden', 2)
('resolve', 2)
('consume', 2)
('lion', 2)
('ink', 2)
('razor', 2)
('philip', 2)
('amsterdam', 2)
('accessory', 2)
('apartment', 2)
('sits', 2)
('utilization', 2)
('machinery', 2)
('orica', 2)
('delivers', 2)
('fragmentation', 2)
('roche', 2)
('reimbursement', 2)
('tradition', 2)
('theater', 2)
('patron', 2)
('seat', 2)
('laugh', 2)
('cent', 2)
('euro', 2)
('champion', 2)
('involve', 2)
('brings', 2)
('mileage', 2)
('odometer', 2)
('byproduct', 2)
('faction', 2)
('dealt', 2)
('achievement', 2)
('bp', 2)
('coast', 2)
('lawsuit', 2)
('throe', 2)
('vigilance', 2)
('bondholder', 2)
('go', 2)
('critic', 2)
('overtime', 2)
('garment', 2)
('centricity', 2)
('ambiguity', 2)
('sister', 2)
('screen', 2)
('endure', 2)
('provision', 2)
('bernstein', 2)
('lazer', 2)
('assistant', 2)
('differentiate', 2)
('hyperconnectivity', 2)
('faculty', 2)
('deborah', 2)
('van', 2)
('ku', 2)
('medicine', 2)
('instinct', 2)
('dr', 2)
('suri', 2)
('chief', 2)
('surgery', 2)
('surgeon', 2)
('taught', 2)
('cocreate', 2)
('myriad', 2)
('escalate', 2)
('backdrop', 2)
('interdependency', 2)
('season', 2)
('dlamini', 2)
('trajectory', 2)
('rethink', 2)
('guard', 2)
('hobby', 2)
('negativity', 2)
('justice', 2)
('unknown', 2)
('builder', 2)
('chicken', 2)
('living', 2)
('mortar', 2)
('fitbit', 2)
('belongs', 2)
('birth', 2)
('folk', 2)
('tenet', 2)
('creepiness', 2)
('detects', 2)
('opt', 2)
('penalty', 2)
('negative', 2)
('murder', 2)
('equality', 2)
('injustice', 2)
('disparity', 2)
('facet', 2)
('violation', 2)
('sends', 2)
('check-in', 2)
('secondhand', 2)
('cubicle', 2)
('adapt', 2)
('pervades', 2)
('hygiene', 2)
('swidler', 2)
('averse', 2)
('acknowledge', 2)
('resonate', 2)
('volunteer', 2)
('teen', 2)
('earthquake', 2)
('ignorance', 2)
('cruelty', 2)
('roman', 2)
('invader', 2)
('modernization', 2)
('specialization', 2)
('lifetime', 2)
('outbreak', 2)
('magazine', 2)
('sank', 2)
('underlies', 2)
('terrorist', 2)
('poverty', 2)
('peace', 2)
('destroy', 2)
('chemistry', 2)
('clothes', 2)
('miracle', 2)
('adaptability', 2)
('bed', 2)
('welfare', 2)
('insecurity', 2)
('habitat', 2)
('demise', 2)
('compassion', 2)
('honesty', 2)
('karl', 2)
('weick', 2)
('curriculum', 2)
('sharing', 2)
('dinner', 2)
('facing', 2)
('imperfection', 2)
('boehringer', 2)
('award', 2)
('restructuring', 2)
('appreciation', 2)
('ash', 2)
('handshake', 2)
('constituent', 2)
('interoffice', 2)
('document', 2)
('cyberthreats', 2)
('cybercriminals', 2)
('instant', 2)
('competitiveness', 2)
('tracking', 2)
('backup', 2)
('barn', 2)
('generator', 2)
('ramification', 2)
('undertaking', 2)
('attitude', 2)
('battlefield', 2)
('grapple', 2)
('borrow', 2)
('prompt', 2)
('portrait', 2)
('sight', 2)
('fulfill', 2)
('trevors', 2)
('teammate', 2)
('extinction', 2)
('inspire', 2)
('prize', 2)
('split', 2)
('assault', 2)
('retirement', 2)
('horcomp', 2)
('rife', 2)
('hernandez', 2)
('prevalent', 2)
('respect', 2)
('launch', 2)
('efficient', 2)
('miss', 2)
('progression', 2)
('disruptive', 2)
('contingency', 2)
('performance-cost', 2)
('molecule', 2)
('commercialization', 2)
('copper', 2)
('motorist', 2)
('chrysler', 2)
('formula', 2)
('homeowner', 2)
('electricity', 2)
('overrun', 2)
('identification', 2)
('rollout', 2)
('mortgage', 2)
('hospitality', 2)
('wealthscape', 2)
('high-performing', 2)
('methodology', 2)
('functionality', 2)
('fieldview', 2)
('acre', 2)
('drone', 2)
('mapping', 2)
('prescription', 2)
('stickiness', 2)
('complement', 2)
('sustain', 2)
('realm', 2)
('max', 2)
('fair', 2)
('sap', 2)
('subsidization', 2)
('bond', 2)
('briefly', 2)
('index', 2)
('philanthropist', 2)
('float', 2)
('gesture', 2)
('coal', 2)
('deposit', 2)
('miner', 2)
('truck', 2)
('promoter', 2)
('applies', 2)
('peter', 2)
('couldnt', 2)
('thomas', 2)
('traction', 2)
('benioff', 2)
('politician', 2)
('persuasion', 2)
('tap', 2)
('heuristic', 2)
('prospectus', 2)
('joke', 2)
('lawrence', 2)
('brother', 2)
('materialize', 2)
('tunnel', 2)
('official', 2)
('manipulation', 2)
('quigleys', 2)
('resolution', 2)
('instagram', 2)
('funding', 2)
('junior', 2)
('skin', 2)
('cell', 2)
('lough', 2)
('swanson', 2)
('origin', 2)
('representation', 2)
('disk', 2)
('gloss', 2)
('ignore', 2)
('causation', 2)
('moon', 2)
('describe', 2)
('couple', 2)
('like', 2)
('nonconsumers', 2)
('analog', 2)
('predicts', 2)
('bell', 2)
('explain', 2)
('paragon', 2)
('horace', 2)
('interdependent', 2)
('marc', 2)
('quote', 2)
('regulate', 2)
('clay', 2)
('explore', 2)
('imbalance', 2)
('breadth', 2)
('imaging', 2)
('implant', 2)
('modify', 2)
('fly', 2)
('scratch', 2)
('mold', 2)
('proto', 2)
('tom', 2)
('fmea', 2)
('election', 2)
('guardrail', 2)
('bot', 2)
('centennial', 2)
('summit', 2)
('july', 2)
('coursera', 2)
('roi', 2)
('opening', 2)
('upside', 2)
('sloan', 2)
('november', 2)
('coordinator', 2)
('argue', 2)
('attracts', 2)
('apprenticeship', 2)
('quit', 2)
('luxury', 2)
('broadband', 2)
('cisco', 2)
('colab', 2)
('stem', 2)
('logic', 2)
('practicality', 2)
('chapter', 2)
('lighter', 2)
('connectedness', 2)
('mediocre', 2)
('recognize', 2)
('microprocessor', 2)
('consistency', 2)
('d2c', 2)
('high-stakes', 2)
('neighbor', 2)
('reinforce', 2)
('alibabas', 2)
('cumbersome', 2)
('ratio', 2)
('metal', 2)
('jet', 2)
('combustion', 2)
('steroid', 2)
('reflect', 2)
('lodging', 2)
('connects', 2)
('priceline', 2)
('boil', 2)
('exploit', 2)
('synergy', 2)
('diseconomies', 2)
('seem', 2)
('loop', 2)
('napster', 2)
('tapping', 2)
('conway', 2)
('clark', 2)
('brick', 2)
('outlet', 2)
('peapods', 2)
('slot', 2)
('bargain', 2)
('bookstore', 2)
('charles', 2)
('title', 2)
('low-end', 2)
('beachhead', 2)
('give', 2)
('insulin', 2)
('cooperate', 2)
('didi', 2)
('hasnt', 2)
('bypass', 2)
('likewise', 2)
('dominate', 2)
('hybrid', 2)
('zuckerberg', 2)
('domination', 2)
('winner', 2)
('furthermore', 2)
('nobel', 2)
('laureate', 2)
('mckinsey', 2)
('stimulate', 2)
('contender', 2)
('programming', 2)
('real-world', 2)
('computation', 2)
('bike', 2)
('publication', 2)
('raynor', 2)
('transpires', 2)
('innosight', 2)
('fedex', 2)
('jim', 2)
('yesterday', 2)
('gilbert', 2)
('hb', 2)
('bathroom', 2)
('ton', 2)
('tolerance', 2)
('compelling', 2)
('aetnas', 2)
('ambassador', 2)
('vounatsoss', 2)
('underline', 2)
('southeast', 2)
('robert', 2)
('toggle', 2)
('contradiction', 2)
('tune', 2)
('hedge', 2)
('ray', 2)
('outlook', 2)
('futurist', 2)
('macro', 2)
('military', 2)
('desktop', 2)
('rim', 2)
('reconstruction', 2)
('fragility', 2)
('browser', 2)
('diffusion', 2)
('bear', 2)
('mundane', 2)
('ammunition', 2)
('download', 2)
('genomics', 2)
('wojcicki', 2)
('fda', 2)
('assume', 2)
('compliance', 2)
('cnn', 2)
('dog', 2)
('massachusetts', 2)
('toy', 2)
('lollipop', 2)
('gym', 2)
('classpass', 2)
('shower', 2)
('toe', 2)
('west', 2)
('cap', 2)
('flywheel', 2)
('jay', 2)
('salesperson', 2)
('stylist', 2)
('repeat', 2)
('cosmetic', 2)
('bona', 2)
('vloggers', 2)
('shirt', 2)
('rep', 2)
('woodford', 2)
('drag', 2)
('acceleration', 2)
('collective', 2)
('undp', 2)
('ministry', 2)
('bicyclist', 2)
('colombia', 2)
('expand', 2)
('aligns', 2)
('connector', 2)
('facilitate', 2)
('agribusiness', 2)
('cargills', 2)
('cargill', 2)
('sweetener', 2)
('diffuse', 2)
('t', 2)
('strike', 2)
('innate', 2)
('bolino', 2)
('terrace', 2)
('perk', 2)
('column', 2)
('dioxide', 2)
('bar', 2)
('aquarium', 2)
('length', 2)
('escape', 2)
('intrusion', 2)
('humanity', 2)
('malaria', 2)
('april', 2)
('ventilator', 2)
('transmission', 2)
('by-product', 2)
('container', 2)
('milk', 2)
('widens', 2)
('buffer', 2)
('keep', 2)
('zhang', 2)
('midlevel', 2)
('haiers', 2)
('org', 2)
('coworkers', 2)
('interconnection', 2)
('slide', 2)
('meantime', 2)
('allow', 2)
('tradability', 2)
('-china', 2)
('nobody', 2)
('grip', 2)
('regionalization', 2)
('denmark', 2)
('diabetes', 2)
('impetus', 2)
('downside', 2)
('catch', 2)
('webinar', 2)
('hong', 2)
('kong', 2)
('hoax', 2)
('guess', 2)
('latter', 2)
('paul', 2)
('minister', 2)
('wife', 2)
('prince', 2)
('boris', 2)
('anecdote', 2)
('lock', 2)
('bandwagon', 2)
('pronouncement', 2)
('hear', 2)
('illusion', 2)
('wharton', 2)
('persistent', 2)
('beneficiary', 2)
('wakefield', 2)
('walker', 2)
('berlin', 2)
('khazan', 2)
('premise', 2)
('reuse', 2)
('multiaccent', 2)
('multi-item', 2)
('ageless', 2)
('concealment', 2)
('guesswork', 2)
('linkage', 2)
('produce-and-sell', 2)
('outline', 2)
('enters', 2)
('excavator', 2)
('runner', 2)
('shipper', 2)
('receiver', 2)
('sensor-data', 2)
('meanwhile', 2)
('subplatform', 2)
('cleaning', 2)
('appeal', 2)
('geolocation', 2)
('date', 2)
('aggregator', 2)
('feat', 2)
('impedes', 2)
('agent', 2)
('aggregate', 2)
('fertilizer', 2)
('\\ngoogletag', 2)
('script', 2)
('submission', 2)
('misconception', 2)
('constitutes', 2)
('burst', 2)
('repetition', 2)
('net', 2)
('pseudonym', 2)
('jonathon', 2)
('meal', 2)
('deadline', 2)
('tend', 2)
('plane', 2)
('root', 2)
('pair', 2)
('permission', 2)
('subordinate', 2)
('turnover', 2)
('entail', 2)
('outlay', 2)
('respondent', 2)
('tank', 2)
('illustration', 2)
('personalization', 2)
('menu', 2)
('simpler', 2)
('iflytek', 2)
('incrementalism', 2)
('prevail', 2)
('enjoy', 2)
('baseline', 2)
('improves', 2)
('bullet', 2)
('rung', 2)
('minicrucibles', 2)
('predecessor', 2)
('gen', 2)
('diamond', 2)
('ticket', 2)
('magnitude', 2)
('experimenter', 2)
('bcfg', 2)
('discover', 2)
('registration', 2)
('suite', 2)
('heady', 2)
('usage', 2)
('caveat', 2)
('childrens', 2)
('proponent', 2)
('stall', 2)
('insider', 2)
('passage', 2)
('ensues', 2)
('venue', 2)
('midyear', 2)
('shorter', 2)
('coach', 2)
('calibration', 2)
('brake', 2)
('larry', 2)
('subject', 2)
('programmer', 2)
('whereas', 2)
('takeaway', 2)
('suggests', 2)
('journal', 2)
('su', 2)
('citation', 2)
('save', 2)
('stone', 2)
('command-and-control', 2)
('badge', 2)
('morning', 2)
('busyness', 2)
('enrollment', 2)
('follow', 2)
('franklin', 2)
('charisma', 2)
('spinnaker', 2)
('newsletter', 2)
('felt', 2)
('husband', 2)
('merrill', 2)
('chat', 2)
('separate', 2)
('drawback', 2)
('airplane', 2)
('inquiry', 2)
('guenther', 2)
('jonathan', 2)
('patel', 2)
('infiniti', 2)
('wework', 2)
('examines', 2)
('bilfinger', 2)
('sufficient', 2)
('conviction', 2)
('loneliness', 2)
('radioshack', 2)
('tinkerer', 2)
('peril', 2)
('formulate', 2)
('intriguing', 2)
('clear', 2)
('illegality', 2)
('provenance', 2)
('morale', 2)
('ona', 2)
('workmate', 2)
('reservation', 2)
('cast', 2)
('sylvester', 2)
('celebrate', 2)
('delegate', 2)
('bay', 2)
('sandra', 2)
('pride', 2)
('gregg', 2)
('teamwork', 2)
('nuisance', 2)
('walter', 2)
('anger', 2)
('companionate', 2)
('rumor', 2)
('scanning', 2)
('chocolate', 2)
('divergent', 2)
('double', 2)
('qa', 2)
('intruder', 2)
('dao', 2)
('cryptocurrency', 2)
('phallus', 2)
('pornography', 2)
('ledger', 2)
('filter', 2)
('abuse', 2)
('rebound', 1)
('relentless', 1)
('churn', 1)
('finland', 1)
('mill', 1)
('mail-order', 1)
('drove', 1)
('realignment', 1)
('vein', 1)
('propose', 1)
('progressive', 1)
('garage', 1)
('revamps', 1)
('in-house', 1)
('flattening', 1)
('revise', 1)
('ditch', 1)
('ron', 1)
('heifetz', 1)
('interrogate', 1)
('budgeting', 1)
('rigidity', 1)
('conjecture', 1)
('carmaker', 1)
('infotainment', 1)
('inform', 1)
('fast', 1)
('concludes', 1)
('keen', 1)
('theodore', 1)
('levitt', 1)
('gentleman', 1)
('mcgivena', 1)
('quarter-inch', 1)
('half-century', 1)
('accrues', 1)
('contraction', 1)
('inconvenient', 1)
('microtransactions', 1)
('illuminate', 1)
('quantify', 1)
('stockouts', 1)
('inconvenience', 1)
('consummate', 1)
('accumulation', 1)
('signify', 1)
('fixture', 1)
('installation', 1)
('wardrobe', 1)
('runway', 1)
('denominator', 1)
('glance', 1)
('leasing', 1)
('applicability', 1)
('xaas', 1)
('cd', 1)
('song', 1)
('disc', 1)
('newspaper', 1)
('winterhalter', 1)
('rack', 1)
('detergent', 1)
('wash', 1)
('scientifics', 1)
('reagent', 1)
('warehouse', 1)
('spothero', 1)
('hello', 1)
('strives', 1)
('everyday', 1)
('settle', 1)
('explosive', 1)
('debris', 1)
('pill', 1)
('comedy', 1)
('barcelona', 1)
('spain', 1)
('enjoyed', 1)
('cry', 1)
('heterogeneity', 1)
('warranty', 1)
('certainty', 1)
('quest', 1)
('theft', 1)
('compromise', 1)
('complies', 1)
('motivate', 1)
('gamification', 1)
('nudge', 1)
('know-how', 1)
('par', 1)
('basket', 1)
('agree', 1)
('cannibalization', 1)
('benchmark', 1)
('confers', 1)
('dip', 1)
('disconnection', 1)
('imply', 1)
('shutdown', 1)
('salient', 1)
('fishery', 1)
('deepwater', 1)
('spill', 1)
('jpmorgan', 1)
('cutting', 1)
('august', 1)
('primacy', 1)
('blackrock', 1)
('fink', 1)
('banding', 1)
('environmentalist', 1)
('mitigation', 1)
('strategy-making', 1)
('kayaktivists', 1)
('waterway', 1)
('susan', 1)
('fowler', 1)
('harassment', 1)
('walmarts', 1)
('discourse', 1)
('sneaker', 1)
('satisfactory', 1)
('disability', 1)
('rhetoric', 1)
('salary', 1)
('charity', 1)
('accommodate', 1)
('then-ceo', 1)
('phil', 1)
('toxicity', 1)
('pollution', 1)
('hiring', 1)
('declaring', 1)
('acceptance', 1)
('greenhouse', 1)
('invoice', 1)
('daughter', 1)
('adversity', 1)
('higher-than-average', 1)
('above-average', 1)
('breakup', 1)
('ethan', 1)
('jesse', 1)
('conard', 1)
('node', 1)
('worse', 1)
('beckhard', 1)
('dick', 1)
('seley', 1)
('erwin', 1)
('schell', 1)
('maanen', 1)
('lecturer', 1)
('cyrus', 1)
('gibson', 1)
('epic', 1)
('marathon', 1)
('forge', 1)
('empowers', 1)
('problem-solver', 1)
('thrives', 1)
('candor', 1)
('misstep', 1)
('pfizer', 1)
('pin', 1)
('pfizers', 1)
('reminder', 1)
('resonance', 1)
('problem-solvers', 1)
('thoracic', 1)
('cardiovascular', 1)
('cleveland', 1)
('clinic', 1)
('abu', 1)
('dhabi', 1)
('steer', 1)
('imprecise', 1)
('validate', 1)
('delegation', 1)
('arrogance', 1)
('isolationism', 1)
('coalition', 1)
('resourcefulness', 1)
('brought', 1)
('trisector', 1)
('ndidi', 1)
('sahel', 1)
('nutrition', 1)
('aace', 1)
('nourishingafrica', 1)
('massmart', 1)
('resale', 1)
('sub-saharan', 1)
('grease', 1)
('balancing', 1)
('endurance', 1)
('meditate', 1)
('toughness', 1)
('landlord', 1)
('garden-variety', 1)
('cornelis', 1)
('drebbel', 1)
('self-diagnostics', 1)
('intelligent', 1)
('distinct', 1)
('acuity', 1)
('integrate', 1)
('cpu', 1)
('nonhuman', 1)
('brainpower', 1)
('defy', 1)
('stairwell', 1)
('occupant', 1)
('spine', 1)
('de-densification', 1)
('whereabouts', 1)
('supervision', 1)
('smarter', 1)
('minimum', 1)
('gale', 1)
('footing', 1)
('recovers', 1)
('precaution', 1)
('scrape', 1)
('messaging', 1)
('diagnostics', 1)
('parallel', 1)
('track-and-trace', 1)
('isolating', 1)
('lounge', 1)
('snoop', 1)
('creepy', 1)
('beginning', 1)
('stride', 1)
('infer', 1)
('teenage', 1)
('epidemic', 1)
('linguistics', 1)
('group-level', 1)
('metadata', 1)
('waze', 1)
('confidentiality', 1)
('positive', 1)
('floyds', 1)
('brook', 1)
('disadvantage', 1)
('criminal', 1)
('blow', 1)
('overrepresentation', 1)
('underrepresentation', 1)
('detract', 1)
('repercussion', 1)
('bystander', 1)
('confrontation', 1)
('devaluation', 1)
('extends', 1)
('swift', 1)
('videoconference', 1)
('exodus', 1)
('signpost', 1)
('ethos', 1)
('signifier', 1)
('chef', 1)
('emeritus', 1)
('edgar', 1)
('schein', 1)
('artifact', 1)
('happening', 1)
('bare', 1)
('affront', 1)
('yoga', 1)
('reticent', 1)
('interactive', 1)
('flexed', 1)
('changing', 1)
('devolve', 1)
('hanger', 1)
('grandfather', 1)
('measuring', 1)
('tape', 1)
('reif', 1)
('radar', 1)
('conversely', 1)
('suppress', 1)
('devastating', 1)
('remind', 1)
('kill', 1)
('adherence', 1)
('ideology', 1)
('wreaks', 1)
('swan', 1)
('plague', 1)
('byzantium', 1)
('resuscitation', 1)
('cultural', 1)
('mongol', 1)
('explorer', 1)
('backwater', 1)
('physic', 1)
('renaissance', 1)
('greedy', 1)
('ruler', 1)
('enlightenment', 1)
('owes', 1)
('wipe', 1)
('halt', 1)
('hostility', 1)
('proto-globalization', 1)
('port', 1)
('collapse', 1)
('mare', 1)
('barbarism', 1)
('calamity', 1)
('hunger', 1)
('antiquity', 1)
('antikythera', 1)
('instrument', 1)
('erosion', 1)
('homicidal', 1)
('dictator', 1)
('general', 1)
('astonishing', 1)
('bombing', 1)
('european', 1)
('volkswagens', 1)
('german', 1)
('comeback', 1)
('retrospect', 1)
('horror', 1)
('dismantlement', 1)
('gdp', 1)
('slump', 1)
('efraim', 1)
('benmelech', 1)
('carola', 1)
('frydman', 1)
('influenza', 1)
('potato', 1)
('famine', 1)
('priest', 1)
('polio', 1)
('wartime', 1)
('manhattan', 1)
('rna', 1)
('transitory', 1)
('optimist', 1)
('fundamental', 1)
('insofar', 1)
('redefine', 1)
('unfrozen', 1)
('kurt', 1)
('alteration', 1)
('illustrate', 1)
('disintegration', 1)
('relate', 1)
('reform', 1)
('recalibration', 1)
('health-wealth', 1)
('malleability', 1)
('nonprofit', 1)
('occupancy', 1)
('volatility', 1)
('juggling', 1)
('inconsistency', 1)
('hampering', 1)
('reenvision', 1)
('acute', 1)
('glimpse', 1)
('sky', 1)
('reappearance', 1)
('wildlife', 1)
('sighting', 1)
('remember', 1)
('upstream', 1)
('desirability', 1)
('paralysis', 1)
('servant', 1)
('taste', 1)
('aftershock', 1)
('gear', 1)
('supercharge', 1)
('role-modeling', 1)
('technologist', 1)
('plump', 1)
('role-model', 1)
('inspires', 1)
('asks', 1)
('omniscience', 1)
('reject', 1)
('edmonson', 1)
('alto', 1)
('soda', 1)
('load', 1)
('pixar', 1)
('vernacular', 1)
('coaching', 1)
('polarity', 1)
('praise', 1)
('turbulent', 1)
('recommend', 1)
('afterward', 1)
('decrypt', 1)
('malware', 1)
('cyberthreat', 1)
('elevate', 1)
('random', 1)
('immune', 1)
('downplay', 1)
('confidential', 1)
('absence', 1)
('viewing', 1)
('standardization', 1)
('cargo', 1)
('label', 1)
('vector', 1)
('encompasses', 1)
('audit', 1)
('fuller', 1)
('openly', 1)
('composition', 1)
('burn', 1)
('aftermath', 1)
('multipart', 1)
('oversee', 1)
('parlance', 1)
('swot', 1)
('disparate', 1)
('legwork', 1)
('prep', 1)
('defend', 1)
('io', 1)
('motorola', 1)
('alipay', 1)
('behemoth', 1)
('enemy', 1)
('leading-edge', 1)
('deviate', 1)
('reference', 1)
('advent', 1)
('grain', 1)
('confluence', 1)
('swine', 1)
('fever', 1)
('straight', 1)
('nightmare', 1)
('advocacy', 1)
('collaborating', 1)
('commensurate', 1)
('rebirth', 1)
('ideation', 1)
('punch', 1)
('pull', 1)
('newco', 1)
('microloans', 1)
('dissent', 1)
('segmentation', 1)
('zero-tolerance', 1)
('customer-centricity', 1)
('timetable', 1)
('plc', 1)
('worst-case', 1)
('horcomps', 1)
('claw', 1)
('preserve', 1)
('inevitability', 1)
('brainstorm', 1)
('lennon', 1)
('linda', 1)
('enthusiast', 1)
('rental', 1)
('streaming', 1)
('bread-and-butter', 1)
('skyrocket', 1)
('incursion', 1)
('market-growth', 1)
('threshold', 1)
('viability', 1)
('changer', 1)
('climb', 1)
('pay-for-performance', 1)
('cloudy', 1)
('lipoprotein', 1)
('deficiency', 1)
('protein', 1)
('rarity', 1)
('whenever', 1)
('timing', 1)
('setback', 1)
('introgen', 1)
('therapeutic', 1)
('solyndra', 1)
('indium', 1)
('gallium', 1)
('selenide', 1)
('crystalline', 1)
('-swapping', 1)
('bmw', 1)
('fiat', 1)
('aptiv', 1)
('ag', 1)
('prevailing', 1)
('photovoltaic', 1)
('nrg', 1)
('firing', 1)
('rwe', 1)
('specific', 1)
('resides', 1)
('supercharger', 1)
('station', 1)
('realization', 1)
('devote', 1)
('high-growth', 1)
('competing', 1)
('ping', 1)
('homebuyers', 1)
('storefront', 1)
('mediation', 1)
('brokerage', 1)
('transfer-of-assets', 1)
('curator', 1)
('healthineers', 1)
('soil', 1)
('integrates', 1)
('joint', 1)
('curate', 1)
('curating', 1)
('farmland', 1)
('lease', 1)
('attain', 1)
('variation', 1)
('corporation1', 1)
('interests2', 1)
('royal', 1)
('trailblazer', 1)
('jeannet', 1)
('benoit', 1)
('leleux', 1)
('carl', 1)
('icahn', 1)
('detriment', 1)
('tv+', 1)
('hbo', 1)
('payouts', 1)
('liquidity', 1)
('dry', 1)
('plight', 1)
('fine', 1)
('monetization', 1)
('minimization', 1)
('loophole', 1)
('zombie', 1)
('carillion', 1)
('vulture', 1)
('mdecins', 1)
('sans', 1)
('publicity', 1)
('reputational', 1)
('classification', 1)
('compound', 1)
('aex', 1)
('surplus', 1)
('feike', 1)
('sijbesma', 1)
('cost-savings', 1)
('resin', 1)
('proceeds', 1)
('pernod', 1)
('ricard', 1)
('wine', 1)
('elliott', 1)
('reciprocate', 1)
('debtor', 1)
('abb', 1)
('chobani', 1)
('yogurt', 1)
('refugee', 1)
('osmosis', 1)
('recycle', 1)
('minimize', 1)
('creditor', 1)
('vitamin', 1)
('wientjes', 1)
('commentator', 1)
('auditor', 1)
('treaty', 1)
('protect', 1)
('extremist', 1)
('exclude', 1)
('proposal', 1)
('repurchase', 1)
('current', 1)
('blank', 1)
('matchett', 1)
('privilege', 1)
('induction', 1)
('telegraphy', 1)
('edison', 1)
('shantanu', 1)
('adobe', 1)
('indra', 1)
('nooyi', 1)
('pepsico', 1)
('weiner', 1)
('robin', 1)
('teller', 1)
('atm', 1)
('draw', 1)
('billionaire', 1)
('beal', 1)
('aerospace', 1)
('hotshot', 1)
('beg', 1)
('celebration', 1)
('falcon', 1)
('trailer', 1)
('independence', 1)
('mall', 1)
('museum', 1)
('spectacle', 1)
('administrator', 1)
('okeefe', 1)
('fail', 1)
('gavin', 1)
('kickstart', 1)
('chronology', 1)
('son', 1)
('tear', 1)
('scrapbook', 1)
('remembers', 1)
('knew', 1)
('chatbooks', 1)
('trigger', 1)
('underscore', 1)
('brad', 1)
('anz', 1)
('cambodia', 1)
('endorsement', 1)
('immature', 1)
('fomo', 1)
('laggard', 1)
('reconstructive', 1)
('imitator', 1)
('hopkins', 1)
('finishing', 1)
('equivalent', 1)
('dillon', 1)
('january', 1)
('enabler', 1)
('consist', 1)
('merton', 1)
('obliteration', 1)
('incorporation', 1)
('rationality', 1)
('velocity', 1)
('granularity', 1)
('prominence', 1)
('correlation', 1)
('ignores', 1)
('tends', 1)
('telescope', 1)
('forth', 1)
('squeeze', 1)
('england', 1)
('mechanic', 1)
('displacement', 1)
('gravity', 1)
('reed', 1)
('systemic', 1)
('eastman', 1)
('emergent', 1)
('yu', 1)
('fluidity', 1)
('gotten', 1)
('add-on', 1)
('guest', 1)
('hometown', 1)
('eager', 1)
('extracurriculars', 1)
('evermore', 1)
('selfie', 1)
('guest-edit', 1)
('spring', 1)
('q', 1)
('academic', 1)
('practitioner', 1)
('ascendance', 1)
('mass-production', 1)
('vacancy', 1)
('rehabilitation', 1)
('substitute', 1)
('depth', 1)
('dentist', 1)
('lower', 1)
('twin', 1)
('simultaneously', 1)
('suspension', 1)
('pusher', 1)
('clash', 1)
('civilization', 1)
('yardstick', 1)
('figuring', 1)
('approves', 1)
('footstep', 1)
('tooling', 1)
('digital-parts', 1)
('communicates', 1)
('glitch', 1)
('revision', 1)
('kelley', 1)
('cross-pollinators', 1)
('placement', 1)
('pose', 1)
('statista', 1)
('equal', 1)
('gigabyte', 1)
('relevance', 1)
('technician', 1)
('module', 1)
('iot', 1)
('development/product', 1)
('boeings', 1)
('aircraft', 1)
('aviation', 1)
('breech', 1)
('lapse', 1)
('distrust', 1)
('articulation', 1)
('twist', 1)
('conceptualization', 1)
('boomer', 1)
('sketch', 1)
('foam', 1)
('cad', 1)
('younger', 1)
('kodaks', 1)
('differentiator', 1)
('pwcs', 1)
('higher-education', 1)
('college-age', 1)
('diego', 1)
('writ', 1)
('vcs', 1)
('ware', 1)
('mismatch', 1)
('michelle', 1)
('weise', 1)
('worth', 1)
('edx', 1)
('lynda', 1)
('udacity', 1)
('degreed', 1)
('bellevue', 1)
('hampshire', 1)
('ashford', 1)
('higher-ed', 1)
('salisbury', 1)
('angle', 1)
('creates', 1)
('mike', 1)
('echols', 1)
('imprecision', 1)
('careerbuilder', 1)
('knowing', 1)
('novice', 1)
('freeing', 1)
('performs', 1)
('herein', 1)
('attainment', 1)
('ardine', 1)
('ensures', 1)
('lattice', 1)
('recruitment', 1)
('philanthropy', 1)
('fulfillment', 1)
('certify', 1)
('comptia', 1)
('networking', 1)
('license', 1)
('certificate', 1)
('identifies', 1)
('tuition', 1)
('completion', 1)
('in-demand', 1)
('convener', 1)
('sleeve', 1)
('blurring', 1)
('better-paying', 1)
('impulse', 1)
('sprint', 1)
('unlock', 1)
('bait', 1)
('painter', 1)
('canvas', 1)
('paint', 1)
('surroundings', 1)
('bothness', 1)
('tilt', 1)
('cohesion', 1)
('baggage', 1)
('reassure', 1)
('nugget', 1)
('crossroad', 1)
('karen', 1)
('self-sabotage', 1)
('generic', 1)
('notice', 1)
('chipmaker', 1)
('combine', 1)
('discourage', 1)
('financials', 1)
('depreciation', 1)
('dtc', 1)
('displayed', 1)
('consumer-products', 1)
('gatekeeper', 1)
('bonobo', 1)
('eyeglass', 1)
('irritant', 1)
('dubin', 1)
('gillette', 1)
('beard', 1)
('chunk', 1)
('saas', 1)
('bother', 1)
('cannibalize', 1)
('furnishing', 1)
('e-retailer', 1)
('nonconsumption', 1)
('crafty', 1)
('audiologist', 1)
('dispenses', 1)
('recharge', 1)
('laid', 1)
('gig', 1)
('fierce', 1)
('predix', 1)
('dire', 1)
('kloeckner', 1)
('digitize', 1)
('import', 1)
('gm', 1)
('downfall', 1)
('price/performance', 1)
('serf', 1)
('cluster', 1)
('concert', 1)
('tour', 1)
('merger-and-acquisition', 1)
('starwood', 1)
('scalability', 1)
('self-reinforcing', 1)
('amplifies', 1)
('boutique', 1)
('inn', 1)
('resort', 1)
('value-capture', 1)
('shrink', 1)
('migrate', 1)
('interferes', 1)
('convention', 1)
('bowl', 1)
('town', 1)
('ceiling', 1)
('kabbage', 1)
('nipping', 1)
('heel', 1)
('drugstore', 1)
('jd', 1)
('picking', 1)
('shelf', 1)
('brookstone', 1)
('napsters', 1)
('music-distribution', 1)
('music-acquisition', 1)
('library', 1)
('realnetworks', 1)
('youtubes', 1)
('television', 1)
('devastation', 1)
('comcast', 1)
('headway', 1)
('xfinity', 1)
('x1', 1)
('content-streaming', 1)
('melvin', 1)
('conways', 1)
('subsystem', 1)
('landmark', 1)
('henderson', 1)
('kim', 1)
('obsolescence', 1)
('miniaturize', 1)
('sony', 1)
('reacts', 1)
('wake', 1)
('preservation', 1)
('devotion', 1)
('techcrunch', 1)
('seize', 1)
('dotcom', 1)
('refrigeration', 1)
('parkinson', 1)
('jewel', 1)
('krogers', 1)
('exuberance', 1)
('makeup', 1)
('chooses', 1)
('webvans', 1)
('louis', 1)
('chose', 1)
('connote', 1)
('precursor', 1)
('cendant', 1)
('barnes', 1)
('halfway', 1)
('drop-off', 1)
('pick-up', 1)
('weigh', 1)
('orientation', 1)
('underperforms', 1)
('retailing', 1)
('ries', 1)
('retain', 1)
('soylent', 1)
('flavor', 1)
('responsiveness', 1)
('bookseller', 1)
('arms-length', 1)
('foxconn', 1)
('choose', 1)
('coherence', 1)
('financier', 1)
('branson', 1)
('shake', 1)
('reverse', 1)
('matt', 1)
('hsu3', 1)
('genentech', 1)
('licensee', 1)
('founding', 1)
('marx', 1)
('hsu', 1)
('warrant', 1)
('pivoting', 1)
('foregone', 1)
('coalesce', 1)
('alphabet', 1)
('affiliate', 1)
('xiaomi', 1)
('platformania', 1)
('round', 1)
('mid-1990s', 1)
('netscape', 1)
('myspace', 1)
('linkedin', 1)
('taskrabbit', 1)
('positive-feedback', 1)
('chicken-or-egg', 1)
('jump-start', 1)
('room-sharing', 1)
('sometimes', 1)
('nonplatform', 1)
('next-generation', 1)
('nevertheless', 1)
('witness', 1)
('ascension', 1)
('pinnacle', 1)
('dictum', 1)
('do-gooder', 1)
('spy', 1)
('counterfeiter', 1)
('launderers', 1)
('siri', 1)
('synthesis', 1)
('add', 1)
('depends', 1)
('query', 1)
('smart-speaker', 1)
('softbank', 1)
('hegemony', 1)
('fare', 1)
('logan', 1)
('green', 1)
('scooter', 1)
('observer', 1)
('annihilation', 1)
('richard', 1)
('feynman', 1)
('supercomputer', 1)
('columbia', 1)
('transparent', 1)
('infusion', 1)
('accenture', 1)
('lip', 1)
('jean', 1)
('hoodie', 1)
('jacket', 1)
('forbes', 1)
('nokia', 1)
('handset', 1)
('stephen', 1)
('worthless', 1)
('fedexs', 1)
('ups', 1)
('formation', 1)
('section', 1)
('self-deception', 1)
('inhibit', 1)
('flock', 1)
('storm', 1)
('lag', 1)
('forget', 1)
('rearview', 1)
('mirror', 1)
('balsillie', 1)
('android', 1)
('either', 1)
('hallmark', 1)
('greeting', 1)
('burning', 1)
('aetna', 1)
('cv', 1)
('payer', 1)
('step-change', 1)
('spur', 1)
('commoditization', 1)
('coke', 1)
('zune', 1)
('write-off', 1)
('e-retailers', 1)
('guise', 1)
('maxim', 1)
('mauboussin', 1)
('rappaport', 1)
('banking', 1)
('hell', 1)
('bertolinis', 1)
('biogen', 1)
('michel', 1)
('vounatsos', 1)
('powerhouse', 1)
('piyush', 1)
('gupta', 1)
('db', 1)
('obsession', 1)
('cobban', 1)
('opposite', 1)
('entrepreneurial', 1)
('agey', 1)
('hougaard', 1)
('reactivity', 1)
('accident', 1)
('guru', 1)
('stretch', 1)
('backslides', 1)
('departs', 1)
('gamble', 1)
('gerstner', 1)
('sam', 1)
('palmisano', 1)
('tim', 1)
('cook', 1)
('magic', 1)
('codify', 1)
('lisa', 1)
('laskow', 1)
('lahey', 1)
('ddo', 1)
('dalios', 1)
('self-perception', 1)
('reviewer', 1)
('self-image', 1)
('tracker', 1)
('wireless', 1)
('gaming', 1)
('corner', 1)
('dawn', 1)
('dispatch', 1)
('deck', 1)
('penetration', 1)
('rarer', 1)
('microwave', 1)
('megabit', 1)
('heat', 1)
('flood', 1)
('wind', 1)
('spike', 1)
('conditioner', 1)
('lure', 1)
('skew', 1)
('broader', 1)
('encompass', 1)
('bracket', 1)
('tower', 1)
('geopolitics', 1)
('density', 1)
('migration', 1)
('fluctuation', 1)
('computer-phone', 1)
('crackberries', 1)
('addiction', 1)
('pearl', 1)
('color', 1)
('tyranny', 1)
('harm', 1)
('wake-up', 1)
('testimony', 1)
('class-action', 1)
('grilling', 1)
('congress', 1)
('hasty', 1)
('high-tech', 1)
('live', 1)
('editorial', 1)
('misleading', 1)
('ensuring', 1)
('self-defining', 1)
('stumble', 1)
('flourish', 1)
('bug', 1)
('michael', 1)
('verlinden', 1)
('dependence', 1)
('touch', 1)
('thickness', 1)
('chipset', 1)
('wayne', 1)
('gretzky', 1)
('hbr', 1)
('sword', 1)
('disaggregation', 1)
('outgoing', 1)
('la', 1)
('carte', 1)
('driving', 1)
('familiarity', 1)
('amazing', 1)
('trinket', 1)
('democratize', 1)
('api', 1)
('distributing', 1)
('driving-age', 1)
('firearm', 1)
('weapon', 1)
('itch', 1)
('wojcickis', 1)
('accelerate', 1)
('parentage', 1)
('ancestry', 1)
('testing', 1)
('stanford', 1)
('middleman', 1)
('morality', 1)
('represent', 1)
('modular', 1)
('cup', 1)
('onus', 1)
('et', 1)
('al', 1)
('suggest', 1)
('bearer', 1)
('inherent', 1)
('teenager', 1)
('contemplate', 1)
('ride-share', 1)
('liberator', 1)
('misfire', 1)
('coo', 1)
('wheatland', 1)
('notoriety', 1)
('delight', 1)
('band', 1)
('boogie', 1)
('workout', 1)
('doordash', 1)
('put', 1)
('scarf', 1)
('swap', 1)
('killer', 1)
('insufficient', 1)
('crapola', 1)
('hey', 1)
('tuesday', 1)
('afternoon', 1)
('pick', 1)
('spin', 1)
('superhero', 1)
('hubspots', 1)
('slightly-heavier-friction', 1)
('impress', 1)
('comb', 1)
('goodness', 1)
('tube', 1)
('basta', 1)
('styling', 1)
('katrina', 1)
('mountain', 1)
('merchandise', 1)
('precise', 1)
('aesthetic', 1)
('blogger', 1)
('vlogger', 1)
('follower', 1)
('wei', 1)
('judgy', 1)
('blumenthal', 1)
('adaption', 1)
('receipt', 1)
('bust', 1)
('he', 1)
('id', 1)
('paperwork', 1)
('chewys', 1)
('hung', 1)
('disbelief', 1)
('hassle', 1)
('reading', 1)
('appearance', 1)
('public', 1)
('hackathon', 1)
('harare', 1)
('depopulation', 1)
('leveraging', 1)
('bosnia', 1)
('picker', 1)
('worldwide', 1)
('leaner', 1)
('count', 1)
('infestation', 1)
('long-standing', 1)
('originate', 1)
('foundry', 1)
('detect', 1)
('abates', 1)
('immersion', 1)
('laptop', 1)
('permit', 1)
('rooftop', 1)
('garden', 1)
('rei', 1)
('sunglass', 1)
('pass', 1)
('blur', 1)
('wisconsin', 1)
('workroom', 1)
('shade', 1)
('mural', 1)
('covering', 1)
('footage', 1)
('river', 1)
('forest', 1)
('cookfox', 1)
('pollutant', 1)
('bakery', 1)
('cleary', 1)
('sustains', 1)
('dissatisfaction', 1)
('restores', 1)
('biophilic', 1)
('reclaimed-wood', 1)
('wood', 1)
('oasis', 1)
('relaxation', 1)
('generosity', 1)
('branch', 1)
('micro', 1)
('hormone', 1)
('compatibility', 1)
('quebec', 1)
('planter', 1)
('real', 1)
('philosopher', 1)
('repurposing', 1)
('repositioning', 1)
('hydroxychloroquine', 1)
('interferon', 1)
('ruxolitinib', 1)
('myelofibrosis', 1)
('distillery', 1)
('disinfectant', 1)
('lmvh', 1)
('dyson', 1)
('air-compression', 1)
('personnel', 1)
('replication', 1)
('urgency', 1)
('prescribing', 1)
('convert', 1)
('lorals', 1)
('whey', 1)
('cheese', 1)
('funders', 1)
('adventure', 1)
('drinking', 1)
('submit', 1)
('coronathons', 1)
('shield', 1)
('opener', 1)
('fewer', 1)
('redundancy', 1)
('maneuver', 1)
('rigidness', 1)
('restart', 1)
('self-managing', 1)
('reconfiguration', 1)
('ruimin', 1)
('microenterprises', 1)
('america', 1)
('asia', 1)
('buffett', 1)
('tide', 1)
('fallacy', 1)
('surge', 1)
('campus', 1)
('meter', 1)
('fellow', 1)
('communication4', 1)
('evaluations5', 1)
('handheld', 1)
('beat', 1)
('distrust10', 1)
('lessens', 1)
('rapport', 1)
('sync', 1)
('dysfunction', 1)
('solidarity', 1)
('otherwise', 1)
('esprit', 1)
('interconnectedness', 1)
('duration', 1)
('brief', 1)
('humorous16', 1)
('wanders', 1)
('notification', 1)
('gift', 1)
('gown', 1)
('perishability', 1)
('sourcing', 1)
('fan', 1)
('benign', 1)
('occurrence', 1)
('quota', 1)
('tohoku', 1)
('tsunami', 1)
('thailand', 1)
('district', 1)
('tiering', 1)
('localization', 1)
('reassess', 1)
('apt', 1)
('kalundborg', 1)
('wafer', 1)
('fabrication', 1)
('taiwan', 1)
('qualcomm', 1)
('tsmc', 1)
('whole', 1)
('magnet', 1)
('alternate', 1)
('invest', 1)
('variant', 1)
('raw-materials', 1)
('challenging', 1)
('incarnation', 1)
('write', 1)
('edit', 1)
('sars', 1)
('respiratory', 1)
('vogue', 1)
('enterprisewide', 1)
('assign', 1)
('regular', 1)
('telephone', 1)
('dentons', 1)
('get-togethers', 1)
('quarantini', 1)
('martini', 1)
('ritual', 1)
('midway', 1)
('focusing', 1)
('businessman', 1)
('wish', 1)
('amos', 1)
('tversky', 1)
('commonality', 1)
('affair', 1)
('commenters', 1)
('msnbc', 1)
('admission', 1)
('democrat', 1)
('politifact', 1)
('factcheck', 1)
('antidote', 1)
('heed', 1)
('tweet', 1)
('prevention', 1)
('buster', 1)
('celebrity', 1)
('hank', 1)
('kevin', 1)
('durant', 1)
('opera', 1)
('singer', 1)
('plcido', 1)
('domingo', 1)
('rand', 1)
('justin', 1)
('sufferer', 1)
('either/or', 1)
('framing', 1)
('dominates', 1)
('inaccuracy', 1)
('shuts', 1)
('journalist', 1)
('attribution', 1)
('confines', 1)
('distancing', 1)
('epidemiology', 1)
('microbe', 1)
('zero', 1)
('absolute', 1)
('hospitalization', 1)
('mers', 1)
('kahneman', 1)
('decision-makers', 1)
('fallen', 1)
('trustworthy', 1)
('emmanuel', 1)
('macron', 1)
('confinement', 1)
('imagery', 1)
('donald', 1)
('self-sacrifice', 1)
('scholarship', 1)
('camouflage', 1)
('evokes', 1)
('ruthless', 1)
('trauma', 1)
('paramedic', 1)
('hero', 1)
('yes', 1)
('fondness', 1)
('inspiring', 1)
('prove', 1)
('adam', 1)
('triage', 1)
('calm', 1)
('carry', 1)
('placemats', 1)
('restrict', 1)
('pathogen', 1)
('beacon', 1)
('congestion', 1)
('lockdown', 1)
('caters', 1)
('radius', 1)
('urbanists', 1)
('bikers', 1)
('bogota', 1)
('budapest', 1)
('public-health', 1)
('tabitha', 1)
('carolina', 1)
('chapel', 1)
('struck', 1)
('low-wage', 1)
('olga', 1)
('sander', 1)
('belies', 1)
('maximization', 1)
('steam', 1)
('stifle', 1)
('france', 1)
('guardian', 1)
('searcher', 1)
('arrives', 1)
('fordpass', 1)
('craft', 1)
('worthiness', 1)
('seamless', 1)
('synchronization', 1)
('thermostat', 1)
('retrofit', 1)
('installing', 1)
('locate', 1)
('locomotive', 1)
('arrival', 1)
('freestyle', 1)
('glucose', 1)
('back-end', 1)
('intuits', 1)
('enhances', 1)
('dash', 1)
('orchestrates', 1)
('avoids', 1)
('spotifys', 1)
('diversify', 1)
('faucet', 1)
('delta', 1)
('command', 1)
('product-user', 1)
('irobots', 1)
('droppings', 1)
('cimcon', 1)
('gunshot', 1)
('ambulance', 1)
('tempur', 1)
('sealy', 1)
('convene', 1)
('apnea', 1)
('two-step', 1)
('evaluate', 1)
('garmin', 1)
('marshal', 1)
('alibaba2', 1)
('conception', 1)
('receives', 1)
('irrelevant', 1)
('circulation', 1)
('megabyte', 1)
('depreciate', 1)
('aggregation', 1)
('illegal', 1)
('investigation', 1)
('lieu', 1)
('australia', 1)
('dspark', 1)
('dawex', 1)
('enigma', 1)
('zealand', 1)
('proto-standard', 1)
('monopoly', 1)
('subsidy', 1)
('lobbying', 1)
('consciousness', 1)
('depresses', 1)
('philosophy', 1)
('image-recognition', 1)
('crowdsource', 1)
('spacecraft', 1)
('innocentives', 1)
('seeker', 1)
('third', 1)
('netflixs', 1)
('outer', 1)
('burstiness', 1)
('providing', 1)
('pinpoint', 1)
('davenport', 1)
('literacy', 1)
('gianpiero', 1)
('petriglieri', 1)
('tragedy', 1)
('racist', 1)
('profession', 1)
('prone', 1)
('stroke', 1)
('forgetfulness', 1)
('hive', 1)
('smoke', 1)
('drink', 1)
('restless', 1)
('hopeless', 1)
('deteriorate', 1)
('occupation', 1)
('suffers', 1)
('dread', 1)
('acronym', 1)
('femininity', 1)
('relative', 1)
('motherhood', 1)
('single', 1)
('deny', 1)
('butt', 1)
('penalized', 1)
('deviance', 1)
('sane', 1)
('theyd', 1)
('participate', 1)
('busy', 1)
('sherwin', 1)
('hidden', 1)
('work-life', 1)
('sleeping', 1)
('actigraphy', 1)
('slept', 1)
('tomos', 1)
('clearer', 1)
('revert', 1)
('alter', 1)
('time-consuming', 1)
('fast-food', 1)
('plexure', 1)
('microsystems', 1)
('foreseen', 1)
('cutting-edge', 1)
('stymy', 1)
('parity', 1)
('replacement', 1)
('sandbox', 1)
('colocate', 1)
('shenzhen', 1)
('competence-transfer', 1)
('acquihire', 1)
('build-run-transfer', 1)
('wise', 1)
('agrochemicals', 1)
('biotechnology', 1)
('atomwise', 1)
('forecast', 1)
('absorption', 1)
('get-go', 1)
('biologist', 1)
('chemist', 1)
('monsantos', 1)
('cio', 1)
('minutia', 1)
('myopic', 1)
('decisiveness', 1)
('crucible', 1)
('stanley', 1)
('mcchrystal', 1)
('charter', 1)
('cxo', 1)
('interviewee', 1)
('bread-crumb', 1)
('trail', 1)
('favoring', 1)
('uniformity', 1)
('err', 1)
('exacerbate', 1)
('technophile', 1)
('shiny', 1)
('fiction', 1)
('guardianship', 1)
('zeitgeist', 1)
('yelp', 1)
('katy', 1)
('pennsylvania', 1)
('outrage', 1)
('tack', 1)
('teaching', 1)
('sensibility', 1)
('coms', 1)
('customer-facing', 1)
('vermeer', 1)
('peruse', 1)
('weight', 1)
('accord', 1)
('maintains', 1)
('puzzle', 1)
('roth', 1)
('handbook', 1)
('reader', 1)
('milkman', 1)
('pledge', 1)
('ph', 1)
('marketplace-experimentation', 1)
('bostonian', 1)
('launching', 1)
('react', 1)
('secrecy', 1)
('defuse', 1)
('disposal', 1)
('cool', 1)
('backward', 1)
('agile', 1)
('refer', 1)
('wdp', 1)
('presage', 1)
('buy-in', 1)
('wither', 1)
('preproduction', 1)
('supercomputing', 1)
('ditto', 1)
('excel', 1)
('vibration', 1)
('wreck', 1)
('dummy', 1)
('handoff', 1)
('empowerment', 1)
('reducing', 1)
('laurel', 1)
('rework', 1)
('described', 1)
('lay', 1)
('buttress', 1)
('pediatric', 1)
('knowledge-sharing', 1)
('injection', 1)
('crew', 1)
('billing', 1)
('embark', 1)
('mire', 1)
('counter', 1)
('inclination', 1)
('skeptic', 1)
('culprit', 1)
('glassdoor', 1)
('slogan', 1)
('custom', 1)
('six-page', 1)
('rite', 1)
('standing', 1)
('persist', 1)
('stale', 1)
('meaningless', 1)
('satya', 1)
('know-it-all', 1)
('learn-it-alls', 1)
('manifestation', 1)
('raft', 1)
('ceremony', 1)
('cadre', 1)
('stance', 1)
('mastery', 1)
('navigating', 1)
('inspector', 1)
('east', 1)
('grooming', 1)
('horse-trading', 1)
('services8', 1)
('calibrating', 1)
('vacuum', 1)
('starter', 1)
('benton', 1)
('siloed', 1)
('bluntness', 1)
('silence', 1)
('versatile', 1)
('hone', 1)
('sergey', 1)
('steve', 1)
('exemplar', 1)
('passion', 1)
('cornings', 1)
('gorilla', 1)
('behalf', 1)
('producer-expert-leader-managers', 1)
('pelms', 1)
('allocate', 1)
('derwent', 1)
('sole', 1)
('interim', 1)
('heard', 1)
('millennium', 1)
('coda', 1)
('high-water', 1)
('nmosfets', 1)
('src', 1)
('ieee', 1)
('fides', 1)
('writing', 1)
('amd', 1)
('multichip', 1)
('electron', 1)
('patenting', 1)
('dedicate', 1)
('gilead', 1)
('hiv', 1)
('wonderland', 1)
('greatness', 1)
('scar', 1)
('bout', 1)
('sdi', 1)
('jun', 1)
('jeweler', 1)
('bundy', 1)
('industrialism', 1)
('contain', 1)
('regime', 1)
('madame', 1)
('persists', 1)
('clipboard', 1)
('stopwatch', 1)
('watchman', 1)
('throughput', 1)
('automate', 1)
('deniability', 1)
('walking', 1)
('bodega', 1)
('widget', 1)
('stroll', 1)
('maximum', 1)
('mania', 1)
('volley', 1)
('cruise', 1)
('chosen', 1)
('mailbox', 1)
('musician', 1)
('extra', 1)
('extend', 1)
('gold', 1)
('hiding', 1)
('lexington', 1)
('iwg', 1)
('sponsor', 1)
('balloon', 1)
('oftentimes', 1)
('convey', 1)
('miscommunication', 1)
('miscommunications', 1)
('send', 1)
('completes', 1)
('idiosyncrasy', 1)
('quirk', 1)
('found', 1)
('asana', 1)
('grasp', 1)
('best-case', 1)
('misattribution', 1)
('resentment', 1)
('s-curve', 1)
('appreciate', 1)
('resist', 1)
('pro', 1)
('belt', 1)
('oversight', 1)
('novel', 1)
('boredom', 1)
('virginia', 1)
('occasion', 1)
('reschedule', 1)
('podcast', 1)
('non-universality', 1)
('acquaintance', 1)
('chatter', 1)
('drama', 1)
('decrease', 1)
('gossip', 1)
('antagonism', 1)
('genie', 1)
('lamp', 1)
('greta', 1)
('swede', 1)
('youth', 1)
('crusade', 1)
('thunberg', 1)
('sweden', 1)
('harry', 1)
('soccer', 1)
('beckham', 1)
('davos', 1)
('humankind', 1)
('round-trip', 1)
('passenger', 1)
('raging', 1)
('endclimatesilence', 1)
('reply', 1)
('ramez', 1)
('favor', 1)
('consulting', 1)
('sail', 1)
('ice', 1)
('guenthers', 1)
('katharine', 1)
('hayhoe', 1)
('brazil', 1)
('diet', 1)
('poultry', 1)
('offset', 1)
('straw', 1)
('sacrifice', 1)
('naam', 1)
('substitution', 1)
('biofuels', 1)
('high-speed', 1)
('rail', 1)
('telepresence', 1)
('nationalism', 1)
('face-to-face', 1)
('youd', 1)
('bent', 1)
('continent', 1)
('zack', 1)
('weisfeld', 1)
('weisfelds', 1)
('bosch', 1)
('nissan', 1)
('entrepreneurialism', 1)
('intrapreneur', 1)
('jesus', 1)
('del', 1)
('valle', 1)
('jason', 1)
('hivery', 1)
('ai/analytics', 1)
('boast', 1)
('ideas2reality', 1)
('i2r', 1)
('lookout', 1)
('oem', 1)
('owing', 1)
('hangzhou', 1)
('lifesmarts', 1)
('mvp', 1)
('realize', 1)
('pillar', 1)
('roger', 1)
('anticipates', 1)
('nimbler', 1)
('bang', 1)
('buck', 1)
('upwards', 1)
('fed', 1)
('marie', 1)
('baca', 1)
('ben', 1)
('thompson', 1)
('centrality', 1)
('semantics', 1)
('terminology', 1)
('sway', 1)
('rockefeller', 1)
('bezoss', 1)
('converges', 1)
('democracy', 1)
('kickstarter', 1)
('fatigue', 1)
('pardes', 1)
('pad', 1)
('boatsetter', 1)
('hipcamp', 1)
('camper', 1)
('campsite', 1)
('captain', 1)
('inroad', 1)
('roadie', 1)
('utnegaard', 1)
('roland', 1)
('hesse', 1)
('utnegaards', 1)
('depart', 1)
('surprising', 1)
('digit', 1)
('standstill', 1)
('elevator', 1)
('silvio', 1)
('schindler', 1)
('successor', 1)
('oetterli', 1)
('nestl', 1)
('divestments', 1)
('leeway', 1)
('restructure', 1)
('mayr', 1)
('latitude', 1)
('extreme', 1)
('lewis', 1)
('wheeler', 1)
('oil-industry', 1)
('spark', 1)
('fabric', 1)
('greg', 1)
('pryor', 1)
('veteran', 1)
('seniority', 1)
('overlay', 1)
('rejection', 1)
('herzberg', 1)
('factor:5', 1)
('pedal', 1)
('collaboration:8', 1)
('instills', 1)
('clarification', 1)
('inference', 1)
('frenzy', 1)
('paintball', 1)
('involvement', 1)
('nonwork', 1)
('aperture', 1)
('onas', 1)
('pareto', 1)
('instillers', 1)
('assignment', 1)
('dwight', 1)
('eisenhower', 1)
('combatant', 1)
('prayer', 1)
('stimulator', 1)
('nonenergizers', 1)
('distinguish', 1)
('superstar', 1)
('lighten', 1)
('levity', 1)
('differ', 1)
('invite', 1)
('keynote', 1)
('auditorium', 1)
('rafter', 1)
('moderator', 1)
('hesitation', 1)
('clich', 1)
('transforms', 1)
('resent', 1)
('admit', 1)
('self-reliance', 1)
('accomplishment', 1)
('sandras', 1)
('earn', 1)
('proceed', 1)
('broadens', 1)
('incremental', 1)
('stand', 1)
('conformity', 1)
('ignite', 1)
('aspire', 1)
('benchmarking', 1)
('mixture', 1)
('defines', 1)
('hindrance', 1)
('companywide', 1)
('ticking', 1)
('retrieve', 1)
('hum', 1)
('simplest', 1)
('fascinating', 1)
('second', 1)
('inquire', 1)
('kept', 1)
('incomplete', 1)
('doer', 1)
('condemnation', 1)
('deficit', 1)
('induces', 1)
('confirm', 1)
('mantra', 1)
('muddle', 1)
('theyll', 1)
('misfit', 1)
('subversion', 1)
('complicity', 1)
('hamper', 1)
('deserves', 1)
('groysberg', 1)
('tricia', 1)
('winter', 1)
('ball', 1)
('wax', 1)
('seth', 1)
('explains', 1)
('london', 1)
('herminia', 1)
('ibarra', 1)
('cow', 1)
('undergraduate', 1)
('ucla', 1)
('joseph', 1)
('psychology', 1)
('correspondent', 1)
('frieda', 1)
('cognition', 1)
('absenteeism', 1)
('quarter-century', 1)
('tea', 1)
('relaxed', 1)
('til', 1)
('adler', 1)
('sowden', 1)
('berate', 1)
('affection', 1)
('mason', 1)
('major', 1)
('sadness', 1)
('hobbyist', 1)
('bounce', 1)
('faint', 1)
('stirring', 1)
('hunch', 1)
('spotlight', 1)
('beneath', 1)
('instability', 1)
('hazelnut', 1)
('turkey', 1)
('syria', 1)
('iraq', 1)
('undercurrent', 1)
('shaper', 1)
('volkswagen', 1)
('boeing', 1)
('blindness', 1)
('amplification', 1)
('sheer', 1)
('flag', 1)
('sensitize', 1)
('sentiment', 1)
('endoscope', 1)
('nanotechnology', 1)
('fiber', 1)
('controversy', 1)
('gmos', 1)
('hazard', 1)
('skepticism', 1)
('outpost', 1)
('ear', 1)
('retains', 1)
('antecedent', 1)
('deviation', 1)
('postmortem', 1)
('point-blank', 1)
('losing', 1)
('wrangler', 1)
('dismiss', 1)
('narrative', 1)
('lighting', 1)
('evolve', 1)
('buckminster', 1)
('dome', 1)
('bubble', 1)
('hala', 1)
('arbys', 1)
('blinder', 1)
('andy', 1)
('grove', 1)
('encouragement', 1)
('dalio', 1)
('cochairman', 1)
('back', 1)
('disagreement', 1)
('vigilant', 1)
('military17', 1)
('finger', 1)
('pulse', 1)
('abounds', 1)
('li', 1)
('fung', 1)
('da', 1)
('vinci', 1)
('impending', 1)
('journalism', 1)
('triangulate', 1)
('uncover', 1)
('totality', 1)
('teleconference', 1)
('eagerness', 1)
('img', 1)
('src=\\https', 1)
('//sloanreview', 1)
('jpg\\', 1)
('alt=\\\\', 1)
('figcaption', 1)
('p', 1)
('class=\\attribution\\', 1)
('dan', 1)
('page/theispot', 1)
('/p', 1)
('/figcaption', 1)
('/figure', 1)
('sales1', 1)
('jae', 1)
('lee', 1)
('thesis2', 1)
('cam', 1)
('cryptographic', 1)
('bitcoin', 1)
('t-shirt', 1)
('drain', 1)
('foolishness', 1)
('anchor', 1)
('viewer', 1)
('reddit', 1)
('qr', 1)
('assurance', 1)
('diligence', 1)
('rush', 1)
('irony', 1)
('breaker', 1)
('flash', 1)
('siphon', 1)
('stolen', 1)
('invalidate', 1)
('komodo', 1)
('crowbar', 1)
('override', 1)
('gerald', 1)
('quadrigacx', 1)
('commentary', 1)
('perpetuity', 1)
('carelessness', 1)
('mat', 1)
('verify', 1)
('laundering', 1)
('public/private', 1)
('and/or', 1)
('analyzes', 1)
('excludes', 1)
('overlook', 1)
('interference', 1)
('encryption', 1)
('decide', 1)
('translates', 1)
('expressway', 1)
('neighborhood', 1)
('francisco', 1)
('zip', 1)
('selects', 1)
('nerdwallet', 1)
('nerdwallets', 1)
('coefficient', 1)
('nonlinearities', 1)
('click-streams', 1)
('identifying', 1)
('apparel', 1)
('adapts', 1)
('marketer', 1)
('graphic', 1)
('stats', 1)
('promising', 1)
('deep', 1)
('targeting', 1)
('integrity', 1)
('click-stream', 1)
('stimulus', 1)
('\\n\\ngoogletag', 1)
('ensue', 1)
('loosen', 1)
('navigate', 1)
('helm', 1)
('perfection', 1)
('kimono', 1)
('withstand', 1)
('theorist', 1)
('sensemaker', 1)
('hoard', 1)
('blame', 1)
('narcissism', 1)
('exhibit', 1)
('machiavellianism', 1)
('triad', 1)
('alienation', 1)
('x-teams', 1)
('funneling', 1)
('gore', 1)
