('company', 1261)
('customer', 594)
('business', 576)
('technology', 493)
('people', 409)
('time', 344)
('product', 343)
('example', 324)
('organization', 318)
('employee', 310)
('way', 284)
('value', 275)
('work', 274)
('system', 271)
('market', 266)
('leader', 263)
('strategy', 249)
('manager', 232)
('process', 231)
('team', 224)
('innovation', 224)
('industry', 212)
('year', 211)
('group', 209)
('performance', 203)
('research', 202)
('management', 196)
('information', 183)
('service', 180)
('data', 179)
('model', 176)
('problem', 157)
('change', 156)
('cost', 154)
('experience', 153)
('job', 148)
('approach', 147)
('development', 144)
('board', 142)
('practice', 141)
('platform', 141)
('idea', 132)
('others', 130)
('goal', 130)
('thing', 130)
('part', 128)
('relationship', 125)
('executive', 124)
('risk', 123)
('university', 119)
('question', 118)
('number', 118)
('network', 116)
('opportunity', 114)
('application', 114)
('task', 113)
('solution', 110)
('case', 109)
('retailer', 108)
('issue', 106)
('world', 106)
('project', 105)
('level', 105)
('partner', 105)
('day', 103)
('resource', 103)
('tool', 102)
('machine', 101)
('decision', 99)
('investment', 99)
('communication', 99)
('knowledge', 97)
('capability', 95)
('sale', 95)
('help', 94)
('role', 94)
('use', 94)
('behavior', 93)
('user', 93)
('activity', 93)
('woman', 92)
('priority', 92)
('ability', 91)
('software', 90)
('term', 89)
('challenge', 88)
('feedback', 88)
('store', 88)
('price', 87)
('design', 87)
('consumer', 86)
('program', 86)
('need', 85)
('point', 84)
('member', 84)
('operation', 84)
('result', 84)
('state', 84)
('return', 84)
('effect', 83)
('support', 83)
('effort', 83)
('competitor', 83)
('leadership', 82)
('article', 80)
('today', 78)
('asset', 76)
('advantage', 76)
('order', 75)
('focus', 75)
('stakeholder', 75)
('share', 75)
('environment', 74)
('car', 73)
('city', 73)
('community', 73)
('ecosystem', 73)
('email', 72)
('skill', 71)
('success', 71)
('revenue', 71)
('student', 70)
('computer', 70)
('area', 69)
('instance', 68)
('partnership', 68)
('factor', 67)
('measure', 67)
('sense', 66)
('study', 66)
('culture', 65)
('benefit', 64)
('fact', 63)
('power', 63)
('policy', 63)
('r', 63)
('step', 62)
('course', 60)
('economy', 60)
('ceo', 59)
('action', 59)
('position', 58)
('line', 58)
('thats', 58)
('chain', 58)
('blockchain', 58)
('factory', 58)
('kind', 57)
('analysis', 57)
('form', 57)
('plan', 57)
('collaboration', 57)
('investor', 56)
('china', 56)
('something', 55)
('production', 55)
('individual', 55)
('assumption', 55)
('option', 54)
('choice', 54)
('unit', 54)
('transformation', 54)
('growth', 53)
('core', 52)
('type', 52)
('intelligence', 52)
('source', 52)
('transaction', 52)
('distribution', 52)
('interaction', 51)
('efficiency', 51)
('bank', 51)
('situation', 50)
('corporation', 50)
('country', 50)
('demand', 50)
('impact', 49)
('decade', 49)
('place', 49)
('director', 48)
('increase', 48)
('medium', 48)
('quality', 48)
('enterprise', 48)
('meeting', 47)
('cio', 47)
('life', 46)
('access', 46)
('startup', 46)
('metric', 46)
('survey', 45)
('rule', 45)
('requirement', 45)
('message', 45)
('mobility', 45)
('view', 44)
('response', 44)
('version', 44)
('cybersecurity', 44)
('uncertainty', 44)
('security', 44)
('purchase', 44)
('government', 44)
('mode', 44)
('energy', 44)
('payment', 44)
('inc', 44)
('infrastructure', 43)
('one', 42)
('report', 42)
('matter', 42)
('profit', 42)
('sector', 41)
('phone', 41)
('staff', 41)
('rate', 41)
('channel', 41)
('capacity', 41)
('center', 41)
('expertise', 40)
('reason', 40)
('structure', 40)
('mindset', 40)
('difference', 40)
('set', 39)
('delivery', 39)
('care', 39)
('event', 39)
('offering', 39)
('maker', 39)
('offer', 39)
('variety', 39)
('health', 38)
('expectation', 38)
('shift', 38)
('inventory', 38)
('attention', 37)
('theory', 37)
('brand', 37)
('supplier', 37)
('driver', 36)
('money', 36)
('loss', 36)
('content', 36)
('item', 36)
('method', 36)
('concern', 36)
('slack', 36)
('committee', 36)
('call', 35)
('person', 35)
('whats', 35)
('party', 35)
('interest', 35)
('expert', 35)
('addition', 35)
('earnings', 35)
('worker', 34)
('researcher', 34)
('range', 34)
('evidence', 34)
('player', 34)
('vehicle', 33)
('element', 33)
('target', 33)
('function', 33)
('manufacturer', 33)
('objective', 33)
('device', 33)
('participant', 33)
('stock', 33)
('creation', 32)
('credibility', 32)
('amount', 32)
('complexity', 32)
('contract', 32)
('direction', 32)
('hierarchy', 32)
('showroom', 32)
('word', 31)
('recommendation', 31)
('initiative', 31)
('reality', 31)
('game', 31)
('improvement', 31)
('legacy', 31)
('property', 31)
('sample', 31)
('resilience', 31)
('everyone', 30)
('insight', 30)
('outcome', 30)
('ai', 30)
('diversity', 30)
('manufacturing', 30)
('pressure', 30)
('create', 30)
('month', 29)
('colleague', 29)
('threat', 29)
('society', 29)
('automation', 29)
('crisis', 29)
('dont', 29)
('setting', 29)
('statement', 29)
('manage', 29)
('motivation', 29)
('future', 28)
('vision', 28)
('department', 28)
('supply', 28)
('building', 28)
('basis', 28)
('alignment', 28)
('force', 28)
('creator', 28)
('period', 28)
('movement', 27)
('cycle', 27)
('circumstance', 27)
('failure', 27)
('conversation', 27)
('office', 27)
('contribution', 27)
('capital', 27)
('shareholder', 27)
('condition', 27)
('scenario', 27)
('g', 27)
('scalability', 27)
('human', 26)
('anyone', 26)
('trend', 26)
('conflict', 26)
('creativity', 26)
('show', 26)
('engine', 26)
('discussion', 26)
('com', 26)
('co', 26)
('productivity', 26)
('amazon', 26)
('apple', 26)
('someone', 25)
('perspective', 25)
('edition', 25)
('framework', 25)
('path', 25)
('isnt', 25)
('engineer', 25)
('marketing', 25)
('component', 25)
('answer', 25)
('material', 25)
('lead', 25)
('right', 25)
('incumbent', 25)
('patent', 25)
('disclosure', 25)
('career', 24)
('print', 24)
('stage', 24)
('review', 24)
('disruption', 24)
('good', 24)
('trust', 24)
('founder', 24)
('request', 24)
('scientist', 24)
('possibility', 24)
('portfolio', 24)
('location', 24)
('plant', 24)
('principle', 24)
('record', 24)
('music', 24)
('respondent', 23)
('oil', 23)
('lot', 23)
('theyre', 23)
('combination', 23)
('competition', 23)
('exchange', 23)
('end', 23)
('commitment', 23)
('experiment', 23)
('venture', 23)
('everything', 23)
('acquisition', 23)
('contrast', 23)
('limit', 23)
('income', 23)
('gain', 23)
('look', 23)
('auto', 23)
('agility', 23)
('space', 23)
('p', 23)
('chip', 23)
('doesnt', 22)
('implication', 22)
('robot', 22)
('online', 22)
('implementation', 22)
('reputation', 22)
('influence', 22)
('context', 22)
('credit', 22)
('transition', 22)
('speed', 22)
('guidance', 22)
('connection', 22)
('protocol', 22)
('ownership', 22)
('standard', 22)
('connectivity', 22)
('pay', 21)
('norm', 21)
('competence', 21)
('history', 21)
('progress', 21)
('pattern', 21)
('trade', 21)
('experimentation', 21)
('lab', 21)
('buyer', 21)
('status', 21)
('segment', 21)
('youre', 21)
('cash', 21)
('officer', 21)
('hour', 21)
('sustainability', 21)
('owner', 21)
('science', 21)
('pull', 21)
('bt', 21)
('school', 20)
('author', 20)
('professor', 20)
('compensation', 20)
('dimension', 20)
('provider', 20)
('field', 20)
('lesson', 20)
('account', 20)
('home', 20)
('there', 20)
('week', 20)
('responsibility', 20)
('head', 20)
('news', 20)
('picture', 20)
('address', 20)
('banking', 20)
('constraint', 20)
('innovator', 20)
('move', 20)
('charge', 20)
('internet', 20)
('york', 20)
('tendency', 19)
('mechanism', 19)
('age', 19)
('control', 19)
('engagement', 19)
('make', 19)
('phase', 19)
('profitability', 19)
('percentage', 19)
('format', 19)
('adoption', 19)
('architecture', 19)
('mit', 18)
('consideration', 18)
('professional', 18)
('climate', 18)
('concept', 18)
('breach', 18)
('century', 18)
('motor', 18)
('purpose', 18)
('journey', 18)
('fee', 18)
('artist', 18)
('proposition', 18)
('characteristic', 18)
('corp', 18)
('population', 18)
('expense', 18)
('language', 17)
('men', 17)
('flexibility', 17)
('reduction', 17)
('insurance', 17)
('respond', 17)
('google', 17)
('street', 17)
('story', 17)
('note', 17)
('era', 17)
('assessment', 17)
('see', 17)
('analytics', 17)
('transparency', 17)
('safety', 17)
('scale', 17)
('airbnb', 17)
('let', 17)
('side', 17)
('book', 17)
('advance', 17)
('gas', 17)
('automaker', 17)
('bill', 17)
('integration', 17)
('learning', 16)
('assistant', 16)
('become', 16)
('detail', 16)
('family', 16)
('chair', 16)
('engineering', 16)
('face', 16)
('leverage', 16)
('topic', 16)
('series', 16)
('visit', 16)
('emission', 16)
('debt', 16)
('air', 16)
('size', 16)
('track', 16)
('finding', 16)
('search', 16)
('tesla', 16)
('agile', 16)
('diverse', 16)
('barrier', 15)
('peer', 15)
('play', 15)
('balance', 15)
('code', 15)
('uber', 15)
('build', 15)
('category', 15)
('consequence', 15)
('box', 15)
('test', 15)
('understand', 15)
('feel', 15)
('boundary', 15)
('budget', 15)
('figure', 15)
('embrace', 15)
('ride', 15)
('rise', 15)
('entertainment', 15)
('pricing', 15)
('producer', 15)
('studio', 15)
('agreement', 15)
('filing', 15)
('pathway', 15)
('nothing', 15)
('equipment', 15)
('commoditization', 15)
('lack', 14)
('workforce', 14)
('conclusion', 14)
('perception', 14)
('base', 14)
('domain', 14)
('food', 14)
('operator', 14)
('input', 14)
('mission', 14)
('act', 14)
('mean', 14)
('finance', 14)
('room', 14)
('utility', 14)
('president', 14)
('paper', 14)
('error', 14)
('generation', 14)
('date', 14)
('card', 14)
('electronics', 14)
('didnt', 14)
('feature', 14)
('importance', 14)
('tech', 14)
('think', 14)
('commodity', 14)
('capture', 14)
('interview', 14)
('congruent', 14)
('gender', 13)
('bias', 13)
('workplace', 13)
('sort', 13)
('majority', 13)
('belief', 13)
('client', 13)
('station', 13)
('transportation', 13)
('eye', 13)
('road', 13)
('sign', 13)
('effectiveness', 13)
('arent', 13)
('drive', 13)
('thinking', 13)
('conduct', 13)
('deliver', 13)
('seller', 13)
('construction', 13)
('score', 13)
('take', 13)
('workload', 13)
('tension', 13)
('post', 13)
('get', 13)
('entity', 13)
('conference', 13)
('pilot', 13)
('ledger', 13)
('database', 13)
('mass', 13)
('functionality', 13)
('vendor', 13)
('adjustment', 13)
('talent', 13)
('simulation', 13)
('invention', 13)
('contest', 13)
('toyota', 13)
('map', 13)
('ge', 13)
('moment', 12)
('spring', 12)
('preference', 12)
('mistake', 12)
('extent', 12)
('truck', 12)
('planning', 12)
('division', 12)
('marketplace', 12)
('algorithm', 12)
('us', 12)
('push', 12)
('reward', 12)
('volume', 12)
('incentive', 12)
('judgment', 12)
('gap', 12)
('ground', 12)
('signal', 12)
('argument', 12)
('rating', 12)
('prediction', 12)
('battery', 12)
('entrant', 12)
('contributor', 12)
('diamond', 12)
('list', 12)
('margin', 12)
('interface', 12)
('selection', 12)
('volvo', 12)
('transit', 12)
('incongruent', 12)
('class', 11)
('comment', 11)
('difficulty', 11)
('advice', 11)
('processing', 11)
('spot', 11)
('economics', 11)
('profession', 11)
('analyst', 11)
('evolution', 11)
('generate', 11)
('developer', 11)
('patient', 11)
('scandal', 11)
('heart', 11)
('sensor', 11)
('launch', 11)
('indicator', 11)
('versus', 11)
('vice', 11)
('hand', 11)
('governance', 11)
('half', 11)
('rest', 11)
('claim', 11)
('innovate', 11)
('turn', 11)
('iteration', 11)
('fund', 11)
('definition', 11)
('saving', 11)
('monitor', 11)
('forum', 11)
('distributor', 11)
('cant', 11)
('fear', 11)
('site', 11)
('transfer', 11)
('mark', 11)
('labor', 11)
('house', 11)
('offline', 11)
('shop', 11)
('blockchains', 11)
('candidate', 11)
('confidence', 11)
('solve', 11)
('thousand', 11)
('schedule', 11)
('hardware', 11)
('hybrid', 11)
('firm', 11)
('evaluation', 11)
('bus', 11)
('style', 11)
('employer', 10)
('nature', 10)
('ambiguity', 10)
('degree', 10)
('tell', 10)
('observation', 10)
('scholar', 10)
('promise', 10)
('implement', 10)
('opinion', 10)
('fulfillment', 10)
('develop', 10)
('foundation', 10)
('learn', 10)
('mind', 10)
('match', 10)
('b2b', 10)
('dynamic', 10)
('pursue', 10)
('facility', 10)
('exercise', 10)
('name', 10)
('jet', 10)
('dollar', 10)
('ethic', 10)
('dilemma', 10)
('stress', 10)
('cut', 10)
('guideline', 10)
('clarity', 10)
('wont', 10)
('average', 10)
('procurement', 10)
('habit', 10)
('million', 10)
('count', 10)
('employment', 10)
('shape', 10)
('ltd', 10)
('chance', 10)
('traffic', 10)
('start', 10)
('authority', 10)
('portion', 10)
('aspect', 10)
('strength', 10)
('assembly', 10)
('criterion', 10)
('meet', 10)
('execution', 10)
('pace', 10)
('chairman', 10)
('stake', 10)
('deal', 10)
('regulation', 10)
('traveler', 10)
('canvas', 10)
('gaap', 10)
('dozen', 9)
('display', 9)
('brain', 9)
('education', 9)
('training', 9)
('horizon', 9)
('consider', 9)
('transform', 9)
('technique', 9)
('yes', 9)
('frequency', 9)
('weve', 9)
('explore', 9)
('entrepreneur', 9)
('redesign', 9)
('identify', 9)
('potential', 9)
('receipt', 9)
('airline', 9)
('mile', 9)
('key', 9)
('route', 9)
('anything', 9)
('agenda', 9)
('tax', 9)
('official', 9)
('web', 9)
('check', 9)
('cluster', 9)
('adopter', 9)
('origin', 9)
('operating', 9)
('hundred', 9)
('availability', 9)
('label', 9)
('video', 9)
('license', 9)
('allocation', 9)
('facebook', 9)
('niche', 9)
('piece', 9)
('breakthrough', 9)
('multiple', 9)
('entry', 9)
('headquarters', 9)
('hr', 9)
('block', 9)
('accounting', 9)
('proposal', 9)
('limitation', 9)
('bonobo', 9)
('footprint', 9)
('audit', 9)
('hurricane', 9)
('smartphones', 9)
('subsidiary', 9)
('edmondson', 9)
('know-how', 9)
('friend', 9)
('netherlands', 9)
('ings', 9)
('fall', 8)
('desire', 8)
('havent', 8)
('exception', 8)
('script', 8)
('button', 8)
('attempt', 8)
('recipient', 8)
('continue', 8)
('agent', 8)
('counterpart', 8)
('certification', 8)
('manner', 8)
('trustworthiness', 8)
('cause', 8)
('describe', 8)
('incompetence', 8)
('severity', 8)
('competency', 8)
('confusion', 8)
('regard', 8)
('pain', 8)
('talk', 8)
('thanks', 8)
('personnel', 8)
('parent', 8)
('spending', 8)
('semiconductor', 8)
('protection', 8)
('trading', 8)
('loyalty', 8)
('trade-off', 8)
('wasnt', 8)
('prevent', 8)
('website', 8)
('host', 8)
('scope', 8)
('hotel', 8)
('art', 8)
('ad', 8)
('reliability', 8)
('agency', 8)
('robotics', 8)
('convenience', 8)
('stand', 8)
('travel', 8)
('light', 8)
('app', 8)
('fraction', 8)
('currency', 8)
('intermediary', 8)
('intervention', 8)
('royalty', 8)
('aggregator', 8)
('rent', 8)
('profile', 8)
('recognize', 8)
('institution', 8)
('congestion', 8)
('two-thirds', 8)
('california', 8)
('restaurant', 8)
('monitoring', 8)
('coach', 8)
('ubers', 8)
('bar', 8)
('ev', 8)
('calculation', 8)
('probability', 8)
('tweet', 8)
('usage', 8)
('distinction', 8)
('relation', 8)
('race', 8)
('character', 8)
('builder', 8)
('minute', 8)
('contingency', 8)
('crm', 8)
('ip', 8)
('cord', 8)
('attitude', 7)
('suggestion', 7)
('obstacle', 7)
('promotion', 7)
('judge', 7)
('explanation', 7)
('engage', 7)
('routine', 7)
('reporting', 7)
('communicate', 7)
('debate', 7)
('war', 7)
('object', 7)
('window', 7)
('wisdom', 7)
('orientation', 7)
('ratio', 7)
('specialist', 7)
('identity', 7)
('drone', 7)
('identification', 7)
('distance', 7)
('child', 7)
('fortune', 7)
('watch', 7)
('variable', 7)
('satisfaction', 7)
('walmart', 7)
('disaster', 7)
('imperative', 7)
('police', 7)
('favor', 7)
('region', 7)
('provide', 7)
('consistency', 7)
('quantity', 7)
('ship', 7)
('angeles', 7)
('mitigate', 7)
('regulator', 7)
('hoc', 7)
('association', 7)
('frame', 7)
('teammate', 7)
('output', 7)
('drop', 7)
('bolster', 7)
('evolve', 7)
('wealth', 7)
('train', 7)
('musician', 7)
('layer', 7)
('hire', 7)
('microsoft', 7)
('enables', 7)
('cancer', 7)
('broad', 7)
('wip', 7)
('morning', 7)
('floor', 7)
('try', 7)
('arm', 7)
('reach', 7)
('trader', 7)
('trip', 7)
('law', 7)
('break', 7)
('danger', 7)
('bezos', 7)
('llc', 7)
('transistor', 7)
('radio', 7)
('attribute', 7)
('destination', 7)
('phenomenon', 7)
('geography', 7)
('collection', 7)
('consultant', 7)
('auditor', 7)
('watson', 7)
('carbon', 7)
('sec', 7)
('nation', 7)
('cisco', 7)
('loan', 7)
('warehouse', 7)
('mindfulness', 7)
('superminds', 7)
('resolution', 7)
('trigger', 7)
('squad', 7)
('jury', 7)
('hackathons', 7)
('treatment', 6)
('reaction', 6)
('frustration', 6)
('sentiment', 6)
('sponsor', 6)
('dominance', 6)
('interruption', 6)
('visibility', 6)
('retirement', 6)
('maintain', 6)
('faculty', 6)
('customization', 6)
('financials', 6)
('prescription', 6)
('automobile', 6)
('resistance', 6)
('affect', 6)
('hope', 6)
('enhance', 6)
('apparel', 6)
('sell', 6)
('broader', 6)
('follower', 6)
('compliance', 6)
('economist', 6)
('notion', 6)
('sloan', 6)
('precision', 6)
('recognition', 6)
('body', 6)
('frontier', 6)
('alternative', 6)
('struggle', 6)
('marketer', 6)
('familiarity', 6)
('mature', 6)
('configuration', 6)
('maintenance', 6)
('treat', 6)
('youll', 6)
('blood', 6)
('aim', 6)
('buy', 6)
('restriction', 6)
('fraud', 6)
('tv', 6)
('discount', 6)
('outlet', 6)
('returners', 6)
('regime', 6)
('samsung', 6)
('fit', 6)
('stay', 6)
('nonprofit', 6)
('discus', 6)
('becomes', 6)
('verification', 6)
('smartphone', 6)
('methodology', 6)
('reliance', 6)
('anothers', 6)
('letter', 6)
('defense', 6)
('europe', 6)
('trouble', 6)
('cue', 6)
('determine', 6)
('hasnt', 6)
('involve', 6)
('release', 6)
('privacy', 6)
('likelihood', 6)
('outlook', 6)
('couple', 6)
('pursuit', 6)
('cloud', 6)
('sensitivity', 6)
('monetization', 6)
('licensing', 6)
('imagine', 6)
('smart', 6)
('invoice', 6)
('film', 6)
('designer', 6)
('fashion', 6)
('therefore', 6)
('tablet', 6)
('luxury', 6)
('package', 6)
('suit', 6)
('genomics', 6)
('keep', 6)
('pile', 6)
('meaning', 6)
('technician', 6)
('section', 6)
('stability', 6)
('command', 6)
('column', 6)
('shouldnt', 6)
('mainstream', 6)
('require', 6)
('vulnerability', 6)
('attack', 6)
('silo', 6)
('administration', 6)
('correlation', 6)
('compare', 6)
('noise', 6)
('corridor', 6)
('responsiveness', 6)
('parker', 6)
('index', 6)
('editor', 6)
('mix', 6)
('predix', 6)
('giant', 6)
('mcdonalds', 6)
('jim', 6)
('performer', 6)
('encourage', 6)
('assignment', 6)
('apps', 6)
('net', 6)
('fuel', 6)
('renewables', 6)
('tcfd', 6)
('statoil', 6)
('forecast', 6)
('procedure', 6)
('commuter', 6)
('manufacture', 6)
('graph', 6)
('exploration', 6)
('screen', 6)
('dependence', 6)
('differentiation', 6)
('twitter', 6)
('adaptability', 6)
('inspiration', 6)
('tribe', 6)
('mismatch', 6)
('pipeline', 6)
('discrimination', 5)
('stop', 5)
('composition', 5)
('coauthor', 5)
('awareness', 5)
('interviewee', 5)
('argue', 5)
('male', 5)
('theyve', 5)
('span', 5)
('comparison', 5)
('problem-solving', 5)
('document', 5)
('court', 5)
('lawyer', 5)
('necessity', 5)
('doctor', 5)
('hold', 5)
('predict', 5)
('assurance', 5)
('competent', 5)
('emphasis', 5)
('reveals', 5)
('begin', 5)
('image', 5)
('gauge', 5)
('recover', 5)
('turnaround', 5)
('anxiety', 5)
('im', 5)
('find', 5)
('kid', 5)
('afford', 5)
('medicine', 5)
('edge', 5)
('novel', 5)
('bet', 5)
('valley', 5)
('bankruptcy', 5)
('accuracy', 5)
('rival', 5)
('strike', 5)
('variation', 5)
('logistics', 5)
('contractor', 5)
('contribute', 5)
('likewise', 5)
('collaborate', 5)
('season', 5)
('accountability', 5)
('carmela', 5)
('he', 5)
('table', 5)
('lawsuit', 5)
('nonreturners', 5)
('occurs', 5)
('shipping', 5)
('tone', 5)
('nobody', 5)
('intention', 5)
('decision-making', 5)
('door', 5)
('merger', 5)
('jewelry', 5)
('funding', 5)
('proponent', 5)
('george', 5)
('listing', 5)
('death', 5)
('emerge', 5)
('delay', 5)
('hospital', 5)
('planner', 5)
('emergency', 5)
('participation', 5)
('salesforce', 5)
('deliverable', 5)
('emotion', 5)
('contact', 5)
('stream', 5)
('mckinsey', 5)
('spread', 5)
('pool', 5)
('consumption', 5)
('server', 5)
('boost', 5)
('resistor', 5)
('prospect', 5)
('wall', 5)
('disadvantage', 5)
('approval', 5)
('journal', 5)
('omnichannel', 5)
('assortment', 5)
('telecommunication', 5)
('publication', 5)
('publisher', 5)
('linkedin', 5)
('optimize', 5)
('catalog', 5)
('hiring', 5)
('emergence', 5)
('moreover', 5)
('lock', 5)
('actor', 5)
('bring', 5)
('transport', 5)
('root', 5)
('everybody', 5)
('overload', 5)
('institute', 5)
('sequence', 5)
('flow', 5)
('supervisor', 5)
('fix', 5)
('feed', 5)
('reminder', 5)
('check-in', 5)
('bottleneck', 5)
('teach', 5)
('seat', 5)
('div', 5)
('quarter', 5)
('drug', 5)
('wheel', 5)
('seafood', 5)
('ambition', 5)
('excellence', 5)
('strategist', 5)
('win', 5)
('adaptation', 5)
('appointment', 5)
('surge', 5)
('delivers', 5)
('steve', 5)
('intel', 5)
('summer', 5)
('weakness', 5)
('jeff', 5)
('ford', 5)
('gm', 5)
('introduction', 5)
('sound', 5)
('respect', 5)
('chief', 5)
('jump', 5)
('shopper', 5)
('encounter', 5)
('tom', 5)
('bob', 5)
('glass', 5)
('sap', 5)
('investigation', 5)
('gdp', 5)
('align', 5)
('france', 5)
('sigma', 5)
('distraction', 5)
('mulcahy', 5)
('burn', 5)
('background', 5)
('eni', 5)
('viability', 5)
('density', 5)
('trajectory', 5)
('subsidy', 5)
('switch', 5)
('lever', 5)
('criticism', 5)
('orchestrator', 5)
('exposure', 5)
('decline', 5)
('jazz', 5)
('waste', 5)
('discrepancy', 5)
('harvard', 5)
('curiosity', 5)
('toolmaker', 5)
('transcender', 5)
('ask', 5)
('homeowner', 5)
('stranger', 5)
('waterfall', 5)
('sprint', 5)
('disney', 5)
('duty', 5)
('network-effects', 5)
('captivity', 5)
('grant', 5)
('female', 4)
('sponsorship', 4)
('phrase', 4)
('bound', 4)
('surprise', 4)
('minority', 4)
('bit', 4)
('backlash', 4)
('london', 4)
('scott', 4)
('john', 4)
('literature', 4)
('jobholder', 4)
('here', 4)
('telephone', 4)
('deconstruction', 4)
('fleet', 4)
('photographer', 4)
('tomorrow', 4)
('bp', 4)
('volkswagen', 4)
('regain', 4)
('chouinard', 4)
('discretion', 4)
('secret', 4)
('whereas', 4)
('urgency', 4)
('musk', 4)
('intuition', 4)
('stretch', 4)
('politics', 4)
('grocery', 4)
('commercialization', 4)
('discovery', 4)
('convince', 4)
('tolerance', 4)
('meant', 4)
('considers', 4)
('living', 4)
('roll', 4)
('restructuring', 4)
('prototype', 4)
('peer-to-peer', 4)
('relevant', 4)
('merit', 4)
('promoter', 4)
('clothes', 4)
('bonus', 4)
('courage', 4)
('publicity', 4)
('worth', 4)
('shelf', 4)
('represent', 4)
('diesel', 4)
('billion', 4)
('constitutes', 4)
('water', 4)
('consensus', 4)
('donation', 4)
('integrity', 4)
('speak', 4)
('existence', 4)
('recruitment', 4)
('presence', 4)
('apartment', 4)
('selling', 4)
('equity', 4)
('dress', 4)
('rework', 4)
('inertia', 4)
('commission', 4)
('scrum', 4)
('shipment', 4)
('wider', 4)
('reflection', 4)
('materiality', 4)
('motion', 4)
('highlight', 4)
('kingdom', 4)
('union', 4)
('benioff', 4)
('interpretation', 4)
('seek', 4)
('integrate', 4)
('grow', 4)
('love', 4)
('theme', 4)
('carolina', 4)
('programming', 4)
('expand', 4)
('e-commerce', 4)
('payoff', 4)
('shopping', 4)
('secure', 4)
('estate', 4)
('magazine', 4)
('hype', 4)
('enforce', 4)
('relies', 4)
('cryptocurrency', 4)
('proportion', 4)
('extension', 4)
('facilitate', 4)
('television', 4)
('vein', 4)
('netflix', 4)
('absence', 4)
('prepare', 4)
('spreadsheet', 4)
('present', 4)
('seeker', 4)
('gather', 4)
('revisit', 4)
('adjust', 4)
('credential', 4)
('define', 4)
('hit', 4)
('digital', 4)
('provenance', 4)
('custom', 4)
('cooperation', 4)
('refinery', 4)
('explosion', 4)
('cutting-edge', 4)
('sequencing', 4)
('staffer', 4)
('throughput', 4)
('revolution', 4)
('promotes', 4)
('walk', 4)
('motorcycle', 4)
('funnel', 4)
('representation', 4)
('prioritization', 4)
('battle', 4)
('automate', 4)
('cybercrime', 4)
('guy', 4)
('sni', 4)
('temperature', 4)
('serve', 4)
('academic', 4)
('attendee', 4)
('ass', 4)
('innovativeness', 4)
('interdependency', 4)
('execute', 4)
('handful', 4)
('parameter', 4)
('aspiration', 4)
('plc', 4)
('rank', 4)
('winner', 4)
('avoid', 4)
('abstraction', 4)
('steer', 4)
('campaign', 4)
('fault', 4)
('quo', 4)
('psychology', 4)
('audience', 4)
('policymakers', 4)
('combustion', 4)
('conviction', 4)
('cell', 4)
('accelerator', 4)
('pollution', 4)
('virtue', 4)
('suggests', 4)
('deployment', 4)
('ease', 4)
('installation', 4)
('round', 4)
('invest', 4)
('seed', 4)
('hurdle', 4)
('trait', 4)
('os', 4)
('francisco', 4)
('procter', 4)
('soap', 4)
('carmaker', 4)
('wine', 4)
('franchisees', 4)
('damage', 4)
('coast', 4)
('alliance', 4)
('buying', 4)
('boredom', 4)
('oversight', 4)
('affordability', 4)
('bicycle', 4)
('harvey', 4)
('rental', 4)
('litigation', 4)
('liability', 4)
('weekend', 4)
('copenhagen', 4)
('lane', 4)
('metro', 4)
('philosophy', 4)
('tradition', 4)
('link', 4)
('mastercards', 4)
('collaborator', 4)
('glue', 4)
('vibration', 4)
('relate', 4)
('pharmaceutical', 4)
('replenishment', 4)
('asia', 4)
('hehi', 4)
('hehis', 4)
('coordination', 4)
('shipbuilding', 4)
('master', 4)
('happens', 4)
('know', 4)
('being', 4)
('sit', 4)
('copper', 4)
('personality', 4)
('chameleon', 4)
('sociopath', 4)
('notification', 4)
('gate', 4)
('meter', 4)
('terminal', 4)
('alipay', 4)
('rider', 4)
('taylor', 4)
('defect', 4)
('runway', 4)
('reflect', 4)
('erp', 4)
('australia', 4)
('bbva', 4)
('homogeneity', 4)
('juror', 4)
('conformity', 4)
('synergy', 4)
('dr', 3)
('harassment', 3)
('voice', 3)
('cognitive', 3)
('remark', 3)
('speaker', 3)
('essence', 3)
('gratton', 3)
('explain', 3)
('retention', 3)
('advise', 3)
('van', 3)
('associate', 3)
('craft', 3)
('instruction', 3)
('sophistication', 3)
('involvement', 3)
('complement', 3)
('mail', 3)
('adapt', 3)
('resist', 3)
('durability', 3)
('physician', 3)
('patagonia', 3)
('harm', 3)
('deepwater', 3)
('accident', 3)
('well', 3)
('wife', 3)
('sacrifice', 3)
('achievement', 3)
('wake', 3)
('elon', 3)
('goldberg', 3)
('multiplicity', 3)
('pack', 3)
('pas', 3)
('analogy', 3)
('immigration', 3)
('caution', 3)
('worldwide', 3)
('validate', 3)
('copy', 3)
('aftermath', 3)
('hyundai', 3)
('isolation', 3)
('spent', 3)
('experimenter', 3)
('drucker', 3)
('specialty', 3)
('making', 3)
('connects', 3)
('avnet', 3)
('tie', 3)
('blog', 3)
('past', 3)
('feeling', 3)
('resonance', 3)
('promote', 3)
('violence', 3)
('ignore', 3)
('depot', 3)
('bowl', 3)
('brick-and-mortar', 3)
('variance', 3)
('furthermore', 3)
('theyd', 3)
('retail', 3)
('fairness', 3)
('viewpoint', 3)
('file', 3)
('dialogue', 3)
('hall', 3)
('page', 3)
('misalignment', 3)
('planet', 3)
('coverage', 3)
('matchmaker', 3)
('complaint', 3)
('lemon', 3)
('passenger', 3)
('anticipate', 3)
('dispute', 3)
('aviation', 3)
('machinery', 3)
('formality', 3)
('boardroom', 3)
('everyones', 3)
('appeal', 3)
('prone', 3)
('misunderstanding', 3)
('gratification', 3)
('employ', 3)
('activism', 3)
('bottom', 3)
('trump', 3)
('microsofts', 3)
('brexit', 3)
('crowd', 3)
('convenient', 3)
('negotiation', 3)
('translation', 3)
('paradox', 3)
('teamwork', 3)
('pitfall', 3)
('obligation', 3)
('optimization', 3)
('inability', 3)
('globe', 3)
('front', 3)
('decoupling', 3)
('repository', 3)
('visualization', 3)
('guide', 3)
('incident', 3)
('computation', 3)
('precise', 3)
('knife', 3)
('mobile', 3)
('immediacy', 3)
('proximity', 3)
('newspaper', 3)
('advertising', 3)
('permission', 3)
('cent', 3)
('allows', 3)
('refer', 3)
('saw', 3)
('slice', 3)
('steemit', 3)
('exclusivity', 3)
('title', 3)
('mass-market', 3)
('copyright', 3)
('subscription', 3)
('movie', 3)
('muscle', 3)
('analog', 3)
('validation', 3)
('token', 3)
('lie', 3)
('land', 3)
('tencent', 3)
('ey', 3)
('inefficiency', 3)
('walmarts', 3)
('second', 3)
('hypothesis', 3)
('conjunction', 3)
('brings', 3)
('fruit', 3)
('cambridge', 3)
('genome', 3)
('disease', 3)
('tissue', 3)
('dna', 3)
('reprioritization', 3)
('variability', 3)
('query', 3)
('characterization', 3)
('processor', 3)
('autonomy', 3)
('feasibility', 3)
('color', 3)
('sustain', 3)
('donahoe', 3)
('refrigerator', 3)
('put', 3)
('cyberattacks', 3)
('hacker', 3)
('enemy', 3)
('ag', 3)
('avenue', 3)
('perform', 3)
('massachusetts', 3)
('examine', 3)
('getters', 3)
('packaging', 3)
('problem-solvers', 3)
('formula', 3)
('sure', 3)
('retreat', 3)
('discipline', 3)
('mandate', 3)
('prioritize', 3)
('guess', 3)
('beat', 3)
('middle', 3)
('buzzword', 3)
('disagreement', 3)
('clothing', 3)
('equality', 3)
('presentation', 3)
('dependency', 3)
('yield', 3)
('motivate', 3)
('border', 3)
('top', 3)
('reshape', 3)
('trap', 3)
('envision', 3)
('rocket', 3)
('none', 3)
('sport', 3)
('bmw', 3)
('mini', 3)
('sight', 3)
('produce', 3)
('blackberry', 3)
('iphone', 3)
('cat', 3)
('scanner', 3)
('mall', 3)
('bookstore', 3)
('pair', 3)
('expansion', 3)
('latter', 3)
('flagship', 3)
('washington', 3)
('reader', 3)
('read', 3)
('curve', 3)
('railway', 3)
('measurement', 3)
('grid', 3)
('navigation', 3)
('lunch', 3)
('detergent', 3)
('upstart', 3)
('diaper', 3)
('boston', 3)
('operate', 3)
('superstar', 3)
('proxy', 3)
('micro-oxygenation', 3)
('storage', 3)
('restroom', 3)
('expenditure', 3)
('franchisers', 3)
('fail', 3)
('run', 3)
('football', 3)
('west', 3)
('concentration', 3)
('detection', 3)
('identifies', 3)
('est', 3)
('mention', 3)
('nutrition', 3)
('xerox', 3)
('tenure', 3)
('working', 3)
('convergence', 3)
('construct', 3)
('resident', 3)
('friedman', 3)
('freedom', 3)
('household', 3)
('intensity', 3)
('reform', 3)
('pennsylvania', 3)
('college', 3)
('millennials', 3)
('groundwork', 3)
('impairment', 3)
('counsel', 3)
('bulk', 3)
('entitlement', 3)
('justification', 3)
('banker', 3)
('enforcement', 3)
('accessibility', 3)
('paul', 3)
('mayor', 3)
('los', 3)
('car2go', 3)
('entrepreneurship', 3)
('efficient', 3)
('kilometer', 3)
('zero-emission', 3)
('rail', 3)
('length', 3)
('choose', 3)
('hence', 3)
('signature', 3)
('baidu', 3)
('smarter', 3)
('magic', 3)
('bubble', 3)
('press', 3)
('recipe', 3)
('critic', 3)
('circuit', 3)
('handle', 3)
('citizen', 3)
('broker', 3)
('mastercard', 3)
('lowes', 3)
('printing', 3)
('undertaking', 3)
('weather', 3)
('graduate', 3)
('fluctuation', 3)
('alibaba', 3)
('lego', 3)
('denmark', 3)
('hedge', 3)
('adopt', 3)
('inclination', 3)
('wholesaler', 3)
('starbucks', 3)
('purchasing', 3)
('slip', 3)
('salesperson', 3)
('openness', 3)
('novelty', 3)
('congruence', 3)
('downturn', 3)
('qianweis', 3)
('deliberate', 3)
('achieve', 3)
('circle', 3)
('remove', 3)
('tango', 3)
('fluid', 3)
('humility', 3)
('shenzhen', 3)
('recruit', 3)
('ttm', 3)
('led', 3)
('raise', 3)
('cad', 3)
('transmission', 3)
('matrix', 3)
('egoist', 3)
('dynamo', 3)
('hp', 3)
('valuation', 3)
('chapman', 3)
('thinker', 3)
('thaler', 3)
('anomaly', 3)
('penetration', 3)
('lease', 3)
('tujia', 3)
('pick', 3)
('refineco', 3)
('checklist', 3)
('wilson', 3)
('essay', 3)
('michelman', 3)
('alarm', 3)
('update', 3)
('canada', 3)
('cyberattack', 3)
('teller', 3)
('lodging', 3)
('liquidity', 3)
('branch', 3)
('ing', 3)
('december', 3)
('poclac', 3)
('apfelbaum', 3)
('ethnicity', 3)
('iasb', 3)
('pepsico', 3)
('reserve', 3)
('workbench', 3)
('duke', 3)
('mba', 2)
('impediment', 2)
('mold', 2)
('bathroom', 2)
('shock', 2)
('realization', 2)
('thought', 2)
('mentor', 2)
('mentorship', 2)
('advancement', 2)
('expression', 2)
('reevaluate', 2)
('shortcoming', 2)
('confirmation', 2)
('weight', 2)
('vitality', 2)
('thesis', 2)
('panel', 2)
('lecturer', 2)
('narrative', 2)
('wage', 2)
('discourse', 2)
('pose', 2)
('plumber', 2)
('displacement', 2)
('pharmacist', 2)
('qualification', 2)
('certificate', 2)
('obsolescence', 2)
('tackle', 2)
('hinge', 2)
('constituent', 2)
('deeper', 2)
('demonstrate', 2)
('werent', 2)
('hayward', 2)
('spill', 2)
('spin', 2)
('undermines', 2)
('spite', 2)
('untrustworthiness', 2)
('enron', 2)
('permit', 2)
('paint', 2)
('inaccurate', 2)
('mirror', 2)
('convey', 2)
('repercussion', 2)
('james', 2)
('compete', 2)
('co-operation', 2)
('berkeley', 2)
('singularity', 2)
('frieda', 2)
('surgery', 2)
('excel', 2)
('prove', 2)
('suburban', 2)
('lifetime', 2)
('journalist', 2)
('surgeon', 2)
('appreciate', 2)
('inventiveness', 2)
('examines', 2)
('commerce', 2)
('resolve', 2)
('silicon', 2)
('satellite', 2)
('combine', 2)
('patience', 2)
('prelaunch', 2)
('serf', 2)
('maturity', 2)
('gasoline', 2)
('bundle', 2)
('peter', 2)
('avnets', 2)
('motorola', 2)
('observes', 2)
('sits', 2)
('pension', 2)
('tip', 2)
('work-arounds', 2)
('prowess', 2)
('specification', 2)
('thread', 2)
('soprano', 2)
('accomplice', 2)
('dinner', 2)
('krakower', 2)
('enabler', 2)
('description', 2)
('apology', 2)
('arrange', 2)
('insistence', 2)
('inaction', 2)
('bean', 2)
('refund', 2)
('boot', 2)
('repair', 2)
('abuse', 2)
('justify', 2)
('fire', 2)
('accurate', 2)
('conversion', 2)
('fine', 2)
('lapse', 2)
('high-stakes', 2)
('donor', 2)
('seniority', 2)
('perpetrator', 2)
('town', 2)
('documentation', 2)
('lip', 2)
('bidding', 2)
('retribution', 2)
('vw', 2)
('transcendent', 2)
('renter', 2)
('ej', 2)
('id', 2)
('turo', 2)
('yelp', 2)
('ill', 2)
('comfort', 2)
('guest', 2)
('writ', 2)
('bed', 2)
('breakfast', 2)
('click', 2)
('cart', 2)
('inspection', 2)
('craigslist', 2)
('houston', 2)
('momentum', 2)
('auction', 2)
('mansion', 2)
('informality', 2)
('self-organization', 2)
('penalty', 2)
('downstream', 2)
('accreditation', 2)
('miscommunication', 2)
('handoff', 2)
('rep', 2)
('learns', 2)
('amendment', 2)
('uniformity', 2)
('reveal', 2)
('delta', 2)
('extreme', 2)
('neutrality', 2)
('legislation', 2)
('attract', 2)
('relates', 2)
('election', 2)
('speech', 2)
('ryanair', 2)
('opponent', 2)
('withdrawal', 2)
('cliff', 2)
('plane', 2)
('objection', 2)
('playbook', 2)
('glance', 2)
('chat', 2)
('territory', 2)
('salience', 2)
('loop', 2)
('doubt', 2)
('functioning', 2)
('bond', 2)
('subgroup', 2)
('sync', 2)
('deadline', 2)
('cleaning', 2)
('affair', 2)
('unemployment', 2)
('native', 2)
('faster', 2)
('compound', 2)
('accenture', 2)
('wish', 2)
('harder', 2)
('decouple', 2)
('lake', 2)
('dashboard', 2)
('applies', 2)
('inefficient', 2)
('computing', 2)
('budgeting', 2)
('caveat', 2)
('hospitality', 2)
('cohort', 2)
('elasticity', 2)
('dream', 2)
('cryptography', 2)
('registration', 2)
('bitcoin', 2)
('artwork', 2)
('micropayments', 2)
('song', 2)
('monetize', 2)
('settlement', 2)
('proof', 2)
('time-stamping', 2)
('metadata', 2)
('curator', 2)
('hobbyist', 2)
('popularity', 2)
('photography', 2)
('singulardtv', 2)
('writer', 2)
('advertiser', 2)
('distinguishes', 2)
('waffle', 2)
('rainmaker', 2)
('draw', 2)
('primer', 2)
('gans', 2)
('rsums', 2)
('scene', 2)
('buzz', 2)
('barley', 2)
('console', 2)
('theft', 2)
('attribution', 2)
('africa', 2)
('insurgent', 2)
('corruption', 2)
('everledger', 2)
('beer', 2)
('ibm', 2)
('jd', 2)
('excitement', 2)
('illustrate', 2)
('dodge', 2)
('manipulation', 2)
('somebody', 2)
('determines', 2)
('complain', 2)
('accumulation', 2)
('hiccup', 2)
('utilization', 2)
('pioneer', 2)
('completion', 2)
('load', 2)
('forward', 2)
('stuff', 2)
('ebay', 2)
('spirit', 2)
('session', 2)
('desk', 2)
('realm', 2)
('knock', 2)
('remote', 2)
('contain', 2)
('intent', 2)
('patch', 2)
('pixar', 2)
('receive', 2)
('treasure', 2)
('kuka', 2)
('illusion', 2)
('ceramic', 2)
('substitute', 2)
('saes', 2)
('milan', 2)
('scavenger', 2)
('holder', 2)
('chemical', 2)
('mario', 2)
('cotta', 2)
('differs', 2)
('electricity', 2)
('fiber', 2)
('orange', 2)
('select', 2)
('bag', 2)
('pro', 2)
('con', 2)
('superiority', 2)
('commercialize', 2)
('enter', 2)
('plastic', 2)
('licensors', 2)
('joes', 2)
('imitation', 2)
('instinct', 2)
('concise', 2)
('distribute', 2)
('steel', 2)
('differentiate', 2)
('mundane', 2)
('counterbalance', 2)
('guardrail', 2)
('template', 2)
('surface', 2)
('fundamental', 2)
('cutting', 2)
('sheer', 2)
('ally', 2)
('hone', 2)
('gravity', 2)
('translate', 2)
('correction', 2)
('one-third', 2)
('mousetrap', 2)
('poster', 2)
('controversy', 2)
('seoul', 2)
('tactic', 2)
('impression', 2)
('turnover', 2)
('pause', 2)
('corporate-shareholder', 2)
('value-creation', 2)
('coalition', 2)
('megatrends', 2)
('esg', 2)
('retain', 2)
('milestone', 2)
('capitalization', 2)
('instability', 2)
('interplay', 2)
('departure', 2)
('simpler', 2)
('observe', 2)
('outsider', 2)
('substitution', 2)
('warning', 2)
('honda', 2)
('march', 2)
('daimler-benz', 2)
('traction', 2)
('roadster', 2)
('leaf', 2)
('nissan', 2)
('obsession', 2)
('vacuum', 2)
('storm', 2)
('bridge', 2)
('coincidence', 2)
('parking', 2)
('react', 2)
('july', 2)
('minimize', 2)
('intercity', 2)
('clock', 2)
('satisfy', 2)
('imagination', 2)
('dying', 2)
('thriving', 2)
('dunn', 2)
('simple', 2)
('pant', 2)
('zero-inventory', 2)
('discomfort', 2)
('exposition', 2)
('equation', 2)
('theater', 2)
('parallel', 2)
('merchandise', 2)
('stylist', 2)
('club', 2)
('allow', 2)
('locker', 2)
('foot', 2)
('in-stock', 2)
('reverse', 2)
('headline', 2)
('smr', 2)
('repetition', 2)
('slogan', 2)
('in-house', 2)
('discover', 2)
('seeding', 2)
('singapore', 2)
('encourages', 2)
('medal', 2)
('prize', 2)
('spillover', 2)
('encyclopedia', 2)
('dichotomy', 2)
('subset', 2)
('editorial', 2)
('inventor', 2)
('wave', 2)
('hair', 2)
('connect', 2)
('submit', 2)
('conglomerate', 2)
('locomotive', 2)
('pitch', 2)
('aws', 2)
('bureaucracy', 2)
('rebundling', 2)
('honest', 2)
('toothpaste', 2)
('dawn', 2)
('willingness', 2)
('writes', 2)
('stagnation', 2)
('unique', 2)
('taste', 2)
('thereby', 2)
('reduces', 2)
('outsource', 2)
('mcnerney', 2)
('offense', 2)
('scheme', 2)
('odds', 2)
('moderation', 2)
('philip', 2)
('cursor', 2)
('baseball', 2)
('carlos', 2)
('alternate', 2)
('heat', 2)
('gamble', 2)
('nominating/governance', 2)
('affirms', 2)
('stephanie', 2)
('dow', 2)
('advocacy', 2)
('scrutiny', 2)
('cornings', 2)
('qualify', 2)
('cfo', 2)
('texas', 2)
('redman', 2)
('occasion', 2)
('inclusion', 2)
('province', 2)
('forrester', 2)
('cdo', 2)
('albeit', 2)
('escape', 2)
('leap', 2)
('cx', 2)
('youd', 2)
('td', 2)
('appreciation', 2)
('chaos', 2)
('wallet', 2)
('henderson', 2)
('cmo', 2)
('north', 2)
('fare', 2)
('earthquake', 2)
('exec', 2)
('decides', 2)
('billboard', 2)
('man', 2)
('tale', 2)
('greenhouse', 2)
('deeply', 2)
('multinationals', 2)
('lay', 2)
('sheet', 2)
('deficiency', 2)
('tcfds', 2)
('evaluate', 2)
('mining', 2)
('come', 2)
('illustration', 2)
('housing', 2)
('understanding', 2)
('urbanization', 2)
('urbanites', 2)
('tap', 2)
('powerhouse', 2)
('highway', 2)
('motorization', 2)
('gateway', 2)
('borrow', 2)
('blablacar', 2)
('india', 2)
('hong', 2)
('kong', 2)
('bike', 2)
('adult', 2)
('commute', 2)
('hub', 2)
('compromise', 2)
('heterogeneity', 2)
('array', 2)
('robo-advisers', 2)
('daimler', 2)
('redundancy', 2)
('pie', 2)
('personalization', 2)
('celebrates', 2)
('genius', 2)
('physic', 2)
('dougherty', 2)
('gathering', 2)
('resourcefulness', 2)
('park', 2)
('makerspaces', 2)
('passion', 2)
('david', 2)
('hackathon', 2)
('appliance', 2)
('open-source', 2)
('tree', 2)
('disorder', 2)
('turmoil', 2)
('plummet', 2)
('swath', 2)
('reactor', 2)
('plenty', 2)
('express', 2)
('refine', 2)
('pizza', 2)
('hut', 2)
('cashier', 2)
('airplane', 2)
('apply', 2)
('galeries', 2)
('houz', 2)
('farmer', 2)
('turbine', 2)
('downtime', 2)
('olay', 2)
('photo', 2)
('clinician', 2)
('trial', 2)
('breed', 2)
('classroom', 2)
('diagnosis', 2)
('anderson', 2)
('centralization', 2)
('fly', 2)
('cainiao', 2)
('node', 2)
('earth', 2)
('lehi', 2)
('deviation', 2)
('and/or', 2)
('aversion', 2)
('varies', 2)
('programmer', 2)
('spend', 2)
('fast', 2)
('marriage', 2)
('corning', 2)
('idiosyncrasy', 2)
('preserve', 2)
('perceives', 2)
('churn', 2)
('germane', 2)
('exhibit', 2)
('easier', 2)
('proliferation', 2)
('jin', 2)
('deliberation', 2)
('shipyard', 2)
('vessel', 2)
('carrier', 2)
('impede', 2)
('nimbleness', 2)
('sanli', 2)
('deploy', 2)
('ten', 2)
('shadow', 2)
('ramification', 2)
('practitioner', 2)
('myth', 2)
('decrease', 2)
('decision-makers', 2)
('laurel', 2)
('aligns', 2)
('eichinger', 2)
('specificity', 2)
('enhances', 2)
('psychologist', 2)
('conclude', 2)
('paternity', 2)
('sabbatical', 2)
('join', 2)
('predicts', 2)
('zone', 2)
('specialization', 2)
('rescue', 2)
('ball', 2)
('supercomputer', 2)
('ingenuity', 2)
('foreignness', 2)
('localization', 2)
('mncs', 2)
('patenting', 2)
('revision', 2)
('beijing', 2)
('infringement', 2)
('plaintiff', 2)
('invalidation', 2)
('landscape', 2)
('nev', 2)
('csr', 2)
('siemens', 2)
('dynamism', 2)
('atom', 2)
('gene', 2)
('overhead', 2)
('aluminum', 2)
('pyramid', 2)
('reinforce', 2)
('blade', 2)
('spectrum', 2)
('tour', 2)
('artisan', 2)
('opposition', 2)
('cofounder', 2)
('maidique', 2)
('packards', 2)
('ibms', 2)
('jr', 2)
('leaning', 2)
('jeopardy', 2)
('heard', 2)
('daniel', 2)
('youve', 2)
('text', 2)
('clamor', 2)
('animal', 2)
('alert', 2)
('conveys', 2)
('admission', 2)
('holding', 2)
('unicorn', 2)
('po', 2)
('equivalent', 2)
('didi', 2)
('mover', 2)
('supermind', 2)
('versatility', 2)
('stitch', 2)
('baby', 2)
('refers', 2)
('coordinate', 2)
('paragraph', 2)
('cosmetic', 2)
('makeup', 2)
('selfies', 2)
('pringles', 2)
('proceeds', 2)
('routinization', 2)
('bolt', 2)
('japan', 2)
('episode', 2)
('couldnt', 2)
('exit', 2)
('backlog', 2)
('requester', 2)
('afternoon', 2)
('capitalist', 2)
('ingredient', 2)
('correct', 2)
('einstein', 2)
('testing', 2)
('declare', 2)
('truth', 2)
('michelmans', 2)
('calm', 2)
('campus', 2)
('kedge', 2)
('classmate', 2)
('bologna', 2)
('poker', 2)
('reference', 2)
('recruiter', 2)
('opening', 2)
('augment', 2)
('poll', 2)
('redseal', 2)
('perimeter', 2)
('cyberdefense', 2)
('subcommittee', 2)
('advisor', 2)
('ganti', 2)
('angle', 2)
('optimism', 2)
('facilitates', 2)
('airbnbs', 2)
('visitor', 2)
('mbank', 2)
('heroic', 2)
('industrialization', 2)
('module', 2)
('apis', 2)
('a/s', 2)
('quadrant', 2)
('poland', 2)
('representative', 2)
('middleman', 2)
('rio', 2)
('zappos', 2)
('summary', 2)
('chapter', 2)
('inaccuracy', 2)
('conform', 2)
('membership', 2)
('ideo', 2)
('supermarket', 2)
('kelley', 2)
('defers', 2)
('participate', 2)
('fair', 2)
('groupon', 2)
('enthusiasm', 2)
('depreciation', 2)
('amortization', 2)
('reconciliation', 2)
('divestiture', 2)
('exclude', 2)
('ebitda', 2)
('vonage', 2)
('cannibalize', 2)
('reconfigure', 2)
('cardiff', 2)
('primary', 2)
('university-relations', 2)
('cto', 2)
('kpis', 2)
('steward', 2)
('semester', 1)
('realize', 1)
('combat', 1)
('trzebiatowski', 1)
('courtney', 1)
('mccluney', 1)
('golf', 1)
('lounge', 1)
('disbelief', 1)
('disappointment', 1)
('ok', 1)
('metoo', 1)
('mentee', 1)
('career-advancing', 1)
('efficacy', 1)
('repeat', 1)
('joke', 1)
('straightforward', 1)
('reconsider', 1)
('endorsement', 1)
('nancy', 1)
('automaticity', 1)
('expectancy', 1)
('lb', 1)
('richard', 1)
('beckhard', 1)
('implementing', 1)
('erwin', 1)
('schell', 1)
('maanen', 1)
('zeynep', 1)
('ton', 1)
('cyrus', 1)
('gibson', 1)
('predictor', 1)
('electrician', 1)
('tutor', 1)
('prefers', 1)
('preparation', 1)
('kitchen', 1)
('accountant', 1)
('bricklayer', 1)
('safeguard', 1)
('blueprint', 1)
('corner', 1)
('toll', 1)
('taker', 1)
('pharmacy', 1)
('librarian', 1)
('bachelor', 1)
('mini-degrees', 1)
('badge', 1)
('accomplishment', 1)
('high-growth', 1)
('taxi', 1)
('limo', 1)
('livery', 1)
('driverless', 1)
('lyft', 1)
('acclimate', 1)
('complacency', 1)
('leadership6', 1)
('credibility7', 1)
('contradictory', 1)
('embody', 1)
('outdoor', 1)
('adventurer', 1)
('inspire', 1)
('adventure', 1)
('mountain', 1)
('flag', 1)
('bps', 1)
('warren', 1)
('buffett', 1)
('stumpfs', 1)
('stumpf', 1)
('incorrect', 1)
('contradiction', 1)
('dennis', 1)
('kozlowski', 1)
('throw', 1)
('birthday', 1)
('sardinia', 1)
('bookkeeping', 1)
('arthur', 1)
('perk', 1)
('losing', 1)
('versa', 1)
('incompetent', 1)
('significance', 1)
('mislead', 1)
('stanley', 1)
('resign', 1)
('iii', 1)
('oecd', 1)
('correspondent', 1)
('analyze', 1)
('declutter', 1)
('verge', 1)
('grasping', 1)
('distract', 1)
('formulate', 1)
('generalization', 1)
('nuance', 1)
('tidy', 1)
('skyscraper', 1)
('fragment', 1)
('reassure', 1)
('duller', 1)
('hinder', 1)
('mimic', 1)
('human-level', 1)
('rapidity', 1)
('commonplace', 1)
('probe', 1)
('foolhardy', 1)
('challenging', 1)
('webvan', 1)
('act-and-see', 1)
('toe', 1)
('appetite', 1)
('isla', 1)
('zara', 1)
('zaras', 1)
('robert', 1)
('pindyck', 1)
('caught', 1)
('pankaj', 1)
('ghemawat', 1)
('brilliance', 1)
('inexperience', 1)
('unfamiliarity', 1)
('reuse', 1)
('contending', 1)
('nascent', 1)
('mcgrath', 1)
('macmillan', 1)
('delaying', 1)
('tolerate', 1)
('generic', 1)
('jargon', 1)
('guru', 1)
('half-century', 1)
('manages', 1)
('rhetoric', 1)
('b2b2c', 1)
('conrado', 1)
('seamless', 1)
('sought', 1)
('b2c', 1)
('listening', 1)
('commentary', 1)
('examination', 1)
('interacts', 1)
('hbos', 1)
('edie', 1)
('falco', 1)
('mob', 1)
('bos', 1)
('quell', 1)
('internalize', 1)
('krakowers', 1)
('stain', 1)
('strap', 1)
('blinder', 1)
('deny', 1)
('seize', 1)
('product-return', 1)
('dumpster', 1)
('class-action', 1)
('rei', 1)
('costco', 1)
('compliant', 1)
('warrant', 1)
('repackage', 1)
('restock', 1)
('exacerbate', 1)
('super', 1)
('borrowing', 1)
('gambit', 1)
('offender', 1)
('blanket', 1)
('standpoint', 1)
('insignificant', 1)
('leeway', 1)
('rein', 1)
('restocking', 1)
('coupon', 1)
('scam', 1)
('citizenship', 1)
('behaviors6', 1)
('failing', 1)
('uncover', 1)
('murky', 1)
('disconnect', 1)
('abundance', 1)
('work9', 1)
('queue', 1)
('infraction', 1)
('silent', 1)
('expediency', 1)
('expedient', 1)
('crime', 1)
('strain', 1)
('slope', 1)
('preventing', 1)
('cynicism', 1)
('believing', 1)
('takeover', 1)
('exploitation', 1)
('slavery', 1)
('victim', 1)
('cheating', 1)
('detracts', 1)
('mid-level', 1)
('trustee', 1)
('conveyed', 1)
('applicant', 1)
('empower', 1)
('role-modeling', 1)
('incur', 1)
('sprang', 1)
('cop', 1)
('arrive', 1)
('cnn', 1)
('chesky', 1)
('vandal', 1)
('misfortune', 1)
('tinder', 1)
('minimizer', 1)
('tripadvisor', 1)
('businesspeople', 1)
('malfunction', 1)
('daughter', 1)
('abandon', 1)
('restaurateur', 1)
('poison', 1)
('rip', 1)
('grouse', 1)
('neighbor', 1)
('acquaintance', 1)
('broadcast', 1)
('surrogate', 1)
('mattress', 1)
('danish', 1)
('tab', 1)
('caredriver', 1)
('summarizes', 1)
('asymmetry', 1)
('wreck', 1)
('furniture', 1)
('operates', 1)
('bookcase', 1)
('bare-bones', 1)
('exclusion', 1)
('assault', 1)
('romance', 1)
('painting', 1)
('gogh', 1)
('arbitrator', 1)
('yacht', 1)
('yammer', 1)
('teleconference', 1)
('sink', 1)
('plague', 1)
('overreliance', 1)
('instrument', 1)
('necessitates', 1)
('caregiver', 1)
('stepwise', 1)
('iowa', 1)
('afterthought', 1)
('commit', 1)
('particularity', 1)
('dissatisfaction', 1)
('miscommunications', 1)
('emphasized', 1)
('product-specification', 1)
('breakdown', 1)
('rollout', 1)
('refrigeration', 1)
('hoop', 1)
('boycott', 1)
('parkland', 1)
('florida', 1)
('nra', 1)
('lawmaker', 1)
('ignores', 1)
('poverty', 1)
('alleviation', 1)
('begs', 1)
('childhood', 1)
('arrival', 1)
('arguing', 1)
('anathema', 1)
('daca', 1)
('dreamer', 1)
('cinema', 1)
('iran', 1)
('turnout', 1)
('reformer', 1)
('hard-liners', 1)
('moviegoer', 1)
('randall', 1)
('stephenson', 1)
('listener', 1)
('grievance', 1)
('inclusivity', 1)
('michael', 1)
('flight', 1)
('oleary', 1)
('britain', 1)
('ryanairs', 1)
('abstain', 1)
('abstention', 1)
('nonpartisanship', 1)
('secretary', 1)
('colin', 1)
('powell', 1)
('backside', 1)
('urge', 1)
('supremacist', 1)
('protester', 1)
('equivalence', 1)
('counterprotesters', 1)
('richness', 1)
('bulletin', 1)
('positivity', 1)
('highlighting', 1)
('overcome', 1)
('silence', 1)
('clarification', 1)
('suggest', 1)
('charter', 1)
('testimony', 1)
('burden', 1)
('pundit', 1)
('theorist', 1)
('everett', 1)
('rogers', 1)
('insurer', 1)
('parkdale', 1)
('mill', 1)
('cotton', 1)
('reinvention', 1)
('macro-dynamics', 1)
('labor-output', 1)
('forge', 1)
('systems-architecture', 1)
('patchwork', 1)
('indecision', 1)
('enjoy', 1)
('resilient', 1)
('sachs', 1)
('marquee', 1)
('modularity', 1)
('warp', 1)
('c-suite', 1)
('pleasure', 1)
('sweater', 1)
('in-store', 1)
('time-series', 1)
('calculate', 1)
('seasonality', 1)
('cannibalization', 1)
('liquidate', 1)
('cheaper', 1)
('boldness', 1)
('sticker', 1)
('compensate', 1)
('cite', 1)
('sustaining', 1)
('ensures', 1)
('monegraph', 1)
('monegraphs', 1)
('collectible', 1)
('intermediation', 1)
('spinoff', 1)
('downloads', 1)
('billing', 1)
('register', 1)
('songwriter', 1)
('blogger', 1)
('curation', 1)
('facebooks', 1)
('linkedins', 1)
('simplifies', 1)
('aggregation', 1)
('caters', 1)
('musicoin', 1)
('pay-per-play', 1)
('preset', 1)
('behalf', 1)
('optimizing', 1)
('financing', 1)
('digitization', 1)
('hubspots', 1)
('delete', 1)
('tcp/ip', 1)
('bedroom', 1)
('public', 1)
('catalini', 1)
('joshua', 1)
('onboarding', 1)
('deloitte', 1)
('burst', 1)
('bandwagon', 1)
('clay', 1)
('marker', 1)
('long-distance', 1)
('stone', 1)
('ancient', 1)
('cv', 1)
('cumbersome', 1)
('composer', 1)
('scotland', 1)
('sub-entities', 1)
('intricacy', 1)
('ernst', 1)
('opaque', 1)
('revenue-sharing', 1)
('plethora', 1)
('imogen', 1)
('heap', 1)
('corrupt', 1)
('rebel', 1)
('gem', 1)
('origination', 1)
('custody', 1)
('authenticity', 1)
('chai', 1)
('tai', 1)
('fook', 1)
('maersk', 1)
('cargo', 1)
('mango', 1)
('pork', 1)
('coli', 1)
('beef', 1)
('contamination', 1)
('misrepresentation', 1)
('erosion', 1)
('fedex', 1)
('dhl', 1)
('recombination', 1)
('configure', 1)
('starter', 1)
('embodies', 1)
('illness', 1)
('collision', 1)
('duress', 1)
('goal4', 1)
('rhythm', 1)
('oversees', 1)
('underpinnings', 1)
('diabetes', 1)
('analyzing', 1)
('staffed', 1)
('biologist', 1)
('mathematician', 1)
('batch', 1)
('accumulates', 1)
('receiving', 1)
('morale', 1)
('miss', 1)
('firefighting', 1)
('sword', 1)
('filling', 1)
('quick', 1)
('saturday', 1)
('sunday', 1)
('temptation', 1)
('expedite', 1)
('sticking', 1)
('hear', 1)
('pusher', 1)
('refrain', 1)
('midprocess', 1)
('transparent', 1)
('industry-leading', 1)
('biopsy', 1)
('interrogation', 1)
('tumor', 1)
('metastasis', 1)
('in-boxes', 1)
('snag', 1)
('peacetime', 1)
('diagram', 1)
('roadblock', 1)
('hopper', 1)
('profusion', 1)
('velocity', 1)
('turf', 1)
('celebration', 1)
('reply', 1)
('marc', 1)
('nod', 1)
('island', 1)
('materialize', 1)
('milk', 1)
('davenport', 1)
('julia', 1)
('productivity-enhancing', 1)
('mayo', 1)
('wyatt', 1)
('decker', 1)
('cybereason', 1)
('veteran', 1)
('legion', 1)
('proofpoint', 1)
('install', 1)
('ransomware', 1)
('render', 1)
('trojan', 1)
('humanity', 1)
('cybereasons', 1)
('servicenow', 1)
('genesis', 1)
('streamlines', 1)
('assistance', 1)
('servicenows', 1)
('fierce', 1)
('consumerization', 1)
('marcario', 1)
('catmull', 1)
('oprah', 1)
('winfrey', 1)
('finger', 1)
('transmit', 1)
('potter', 1)
('synchrony', 1)
('midea', 1)
('characterize', 1)
('de-link', 1)
('fungibility', 1)
('worcester', 1)
('gear', 1)
('ax', 1)
('polymer', 1)
('keywords', 1)
('getter', 1)
('inhibitor', 1)
('filler', 1)
('desiccant', 1)
('zincometal', 1)
('felt', 1)
('overview', 1)
('superconductors', 1)
('ideaconnection', 1)
('fiberstar', 1)
('biotechnology', 1)
('river', 1)
('wisconsin', 1)
('fiberstars', 1)
('citrus', 1)
('pulp', 1)
('byproduct', 1)
('juice', 1)
('valve', 1)
('seal', 1)
('catheter', 1)
('sealant', 1)
('metal', 1)
('composite', 1)
('pump', 1)
('metalvuoto', 1)
('faith', 1)
('leveraging', 1)
('monrovia', 1)
('dense', 1)
('describing', 1)
('remember', 1)
('bookend', 1)
('distillation', 1)
('ikea', 1)
('formulating', 1)
('girder', 1)
('boil', 1)
('implies', 1)
('devalue', 1)
('pound', 1)
('kohl', 1)
('pillar', 1)
('terminology', 1)
('disparate', 1)
('remainder', 1)
('diagnostics', 1)
('blank', 1)
('announces', 1)
('successor', 1)
('burberry', 1)
('angela', 1)
('ahrendts', 1)
('arise', 1)
('loser', 1)
('designate', 1)
('troop', 1)
('declaration', 1)
('moat', 1)
('platitude', 1)
('concrete', 1)
('concreteness', 1)
('flowery', 1)
('prose', 1)
('substance', 1)
('faction', 1)
('blend', 1)
('adjudicate', 1)
('trench', 1)
('joseph', 1)
('schumpeter', 1)
('destruction', 1)
('reservation', 1)
('hassle', 1)
('deleteuber', 1)
('allegation', 1)
('escort', 1)
('waymo', 1)
('exodus', 1)
('kalanick', 1)
('gino', 1)
('wiltermuth', 1)
('self-damage', 1)
('breaking', 1)
('cecp', 1)
('bringing', 1)
('stance', 1)
('divestments', 1)
('inadequacy', 1)
('corporate-investor', 1)
('pg', 1)
('e', 1)
('humana', 1)
('bd', 1)
('aggregate', 1)
('vanguard', 1)
('goldman', 1)
('swing', 1)
('arbitrage', 1)
('peak', 1)
('macroeconomic', 1)
('nonlinearity', 1)
('circularity', 1)
('subsystem', 1)
('muster', 1)
('mutualism', 1)
('constituency', 1)
('interdependence', 1)
('disruptors', 1)
('textbook', 1)
('systemwide', 1)
('convene', 1)
('dexterity', 1)
('truly', 1)
('conquer', 1)
('visionary', 1)
('agassi', 1)
('agassis', 1)
('chassis', 1)
('fun', 1)
('immense', 1)
('celebrity', 1)
('spielberg', 1)
('demi', 1)
('moore', 1)
('letterman', 1)
('sex', 1)
('crossover', 1)
('fanfare', 1)
('cooper', 1)
('ed', 1)
('lutz', 1)
('lithium-ion', 1)
('teeny', 1)
('generator', 1)
('chevrolet', 1)
('volt', 1)
('nerve', 1)
('kodak', 1)
('keyboard', 1)
('verizons', 1)
('touchscreen', 1)
('sensation', 1)
('lighter', 1)
('capacitor', 1)
('cd', 1)
('bulky', 1)
('emi', 1)
('emergent', 1)
('fend', 1)
('technicare', 1)
('emis', 1)
('dealership', 1)
('garage', 1)
('etc', 1)
('supercharger', 1)
('charger', 1)
('charging', 1)
('adapter', 1)
('midst', 1)
('backup', 1)
('pan', 1)
('demise', 1)
('renaissance', 1)
('suisse', 1)
('brian', 1)
('spaly', 1)
('small-footprint', 1)
('tactile', 1)
('lawrence', 1)
('lenihan', 1)
('peruse', 1)
('immersion', 1)
('affinity', 1)
('headache', 1)
('intimacy', 1)
('sensory', 1)
('stimulus', 1)
('amplifies', 1)
('dnvbs', 1)
('confidentiality', 1)
('higher-value', 1)
('holiday', 1)
('preshowroom', 1)
('online-only', 1)
('customer-retailer', 1)
('absolute', 1)
('complex-need', 1)
('suitability', 1)
('jockey', 1)
('selfie', 1)
('shoe', 1)
('layout', 1)
('vignette', 1)
('trunk', 1)
('star', 1)
('fitting', 1)
('ship-to-store', 1)
('brickwork', 1)
('try-on', 1)
('jos', 1)
('clothier', 1)
('maryland', 1)
('marcus', 1)
('markup', 1)
('translates', 1)
('estimate', 1)
('general', 1)
('regardless', 1)
('apparent', 1)
('subtle', 1)
('brick', 1)
('byte', 1)
('extinction', 1)
('robust', 1)
('affirm', 1)
('complementors', 1)
('se', 1)
('germany', 1)
('realizing', 1)
('gallery', 1)
('wikis', 1)
('jump-start', 1)
('recombine', 1)
('timing', 1)
('matures', 1)
('stimulate', 1)
('tutorial', 1)
('stimulates', 1)
('public-sector', 1)
('hotspot', 1)
('knowledge-seeding', 1)
('rotation', 1)
('volunteer', 1)
('faceless', 1)
('found', 1)
('purview', 1)
('geek', 1)
('forthcoming', 1)
('porter', 1)
('jay', 1)
('barney', 1)
('newcomer', 1)
('odd', 1)
('welfare', 1)
('supplants', 1)
('waze', 1)
('william', 1)
('brother-in-law', 1)
('cincinnati', 1)
('ohio', 1)
('candle', 1)
('railroad', 1)
('chemist', 1)
('mixer', 1)
('float', 1)
('ivory', 1)
('washer', 1)
('gillette', 1)
('razor', 1)
('shave', 1)
('pampers', 1)
('panty', 1)
('tampax', 1)
('tampon', 1)
('esalons', 1)
('indication', 1)
('borne', 1)
('swarm', 1)
('enduring', 1)
('iot', 1)
('hamilton', 1)
('bermuda', 1)
('spun', 1)
('spare', 1)
('optimizer', 1)
('mahindra', 1)
('multinational', 1)
('farm', 1)
('unscales', 1)
('lens', 1)
('morph', 1)
('acorn', 1)
('digit', 1)
('inbev', 1)
('sa/nv', 1)
('microbrewers', 1)
('concoction', 1)
('instill', 1)
('achilles', 1)
('wipe', 1)
('shampoo', 1)
('vitamin', 1)
('honests', 1)
('lee', 1)
('glimpse', 1)
('ethos', 1)
('reminding', 1)
('cycling', 1)
('admits', 1)
('essential', 1)
('sapling', 1)
('delight', 1)
('winery', 1)
('dos', 1)
('fermentation', 1)
('softens', 1)
('minimizes', 1)
('vintner', 1)
('animation', 1)
('foster', 1)
('causation', 1)
('pixars', 1)
('bolder', 1)
('copying', 1)
('upside', 1)
('franchiser', 1)
('outsources', 1)
('hidden', 1)
('disrupts', 1)
('groupware', 1)
('dip', 1)
('triple', 1)
('mcnerneys', 1)
('alters', 1)
('outperform', 1)
('walsh', 1)
('championship', 1)
('distinctiveness', 1)
('conductance', 1)
('alleviate', 1)
('fever', 1)
('frenzy', 1)
('rationalizer', 1)
('detector', 1)
('mizuho', 1)
('yen', 1)
('cancel', 1)
('blunder', 1)
('speaks', 1)
('athlete', 1)
('league', 1)
('basketball', 1)
('kyle', 1)
('korver', 1)
('gold', 1)
('swimmer', 1)
('shanteau', 1)
('headset', 1)
('senselabs', 1)
('anonymity', 1)
('barcelona', 1)
('analyzes', 1)
('log', 1)
('instagram', 1)
('consume', 1)
('fitness', 1)
('tracker', 1)
('measuring', 1)
('sweat', 1)
('webcam', 1)
('recklessness', 1)
('wristband', 1)
('low-cost/low-complexity', 1)
('lingering', 1)
('beneficiary', 1)
('interprets', 1)
('overadjusts', 1)
('empowers', 1)
('mitigates', 1)
('lafley', 1)
('inquiry', 1)
('not-for-profit', 1)
('nationality', 1)
('inroad', 1)
('anne', 1)
('resides', 1)
('ascension', 1)
('policy/patient', 1)
('sustainability/innovation', 1)
('scientist/technologist', 1)
('coincides', 1)
('due', 1)
('refresh', 1)
('recall', 1)
('sue', 1)
('sarbanes-oxley', 1)
('coaching', 1)
('business/governance', 1)
('boy', 1)
('determination', 1)
('divide', 1)
('cornerstone', 1)
('boring', 1)
('tolerates', 1)
('generating', 1)
('virtualize', 1)
('worry', 1)
('contextual', 1)
('leak', 1)
('bimodal', 1)
('two-class', 1)
('plod', 1)
('back-office', 1)
('forresters', 1)
('high-scoring', 1)
('outage', 1)
('janet', 1)
('zelenka', 1)
('essendant', 1)
('deerfield', 1)
('illinois', 1)
('perfection', 1)
('modicum', 1)
('rob', 1)
('alexander', 1)
('scorer', 1)
('collaborates', 1)
('fowler', 1)
('taught', 1)
('czar', 1)
('buck', 1)
('boxer', 1)
('cigna', 1)
('articulation', 1)
('subcontractor', 1)
('zack', 1)
('hick', 1)
('quake', 1)
('puerto', 1)
('maria', 1)
('wildfire', 1)
('blaze', 1)
('milton', 1)
('capitalism', 1)
('linguist', 1)
('lakoff', 1)
('reinsurance', 1)
('flood', 1)
('draught', 1)
('catastrophe', 1)
('zurich', 1)
('procure', 1)
('cecps', 1)
('summit', 1)
('aetna', 1)
('delphi', 1)
('telia', 1)
('aetnas', 1)
('bertolini', 1)
('vote', 1)
('dole', 1)
('appearance', 1)
('ish', 1)
('belongs', 1)
('biomass', 1)
('hydroelectric', 1)
('ban', 1)
('fossil-fuel', 1)
('rearview', 1)
('eastman', 1)
('blockbuster', 1)
('preservation', 1)
('salt', 1)
('siri', 1)
('alexa', 1)
('brewing', 1)
('yesterday', 1)
('carney', 1)
('governor', 1)
('shareaction', 1)
('laggard', 1)
('catch-up', 1)
('cap', 1)
('anadarko', 1)
('chevron', 1)
('cnooc', 1)
('conocophillips', 1)
('petrobras', 1)
('shell', 1)
('sinopec', 1)
('biofuels', 1)
('exxon', 1)
('methane', 1)
('herring', 1)
('adviser', 1)
('recoverability', 1)
('statoils', 1)
('picot', 1)
('exxonmobil', 1)
('jurisdiction', 1)
('mount', 1)
('sexy', 1)
('rfid', 1)
('tag', 1)
('sends', 1)
('chainsaw', 1)
('warn', 1)
('incorporates', 1)
('refugee', 1)
('encode', 1)
('tricky', 1)
('selfishness', 1)
('laura', 1)
('reasoning', 1)
('laboratory', 1)
('ideology', 1)
('vivid', 1)
('flux', 1)
('hedging', 1)
('prompting', 1)
('irregularity', 1)
('lifeblood', 1)
('civilization', 1)
('depression', 1)
('relentless', 1)
('willcox', 1)
('postulate', 1)
('intelligent', 1)
('dweller', 1)
('clout', 1)
('impatience', 1)
('high-population-density', 1)
('tokyo', 1)
('enrique', 1)
('pealosa', 1)
('affluence', 1)
('sidewalk', 1)
('crosswalk', 1)
('flyover', 1)
('neighborhood', 1)
('topology', 1)
('urbanism', 1)
('colder', 1)
('sprawl', 1)
('fatality', 1)
('projection', 1)
('tragedy', 1)
('karl', 1)
('benz', 1)
('proud', 1)
('millennium', 1)
('retailing', 1)
('villa', 1)
('zipcar', 1)
('netizens', 1)
('raison', 1)
('dtre', 1)
('administrator', 1)
('philosopher', 1)
('confucius', 1)
('opposite', 1)
('subway', 1)
('boulder', 1)
('colorado', 1)
('walkway', 1)
('fitbits', 1)
('copenhagenize', 1)
('denote', 1)
('bike-sharing', 1)
('scooter', 1)
('microcars', 1)
('renaults', 1)
('e-connectivity', 1)
('microcar', 1)
('pathfinder', 1)
('rdm', 1)
('en-v', 1)
('rendition', 1)
('propulsion', 1)
('brt', 1)
('turnstile', 1)
('ingres', 1)
('egress', 1)
('curitiba', 1)
('brazil', 1)
('ridership', 1)
('shuttle', 1)
('higher-density', 1)
('coventry', 1)
('kongs', 1)
('depend', 1)
('vicinity', 1)
('uberpool', 1)
('limousine', 1)
('sporty', 1)
('beach', 1)
('sculptor', 1)
('maximize', 1)
('deloittes', 1)
('return-on-mobility', 1)
('contributes', 1)
('duration', 1)
('ambience', 1)
('monday', 1)
('mapping', 1)
('mumbai', 1)
('necessitate', 1)
('robertson', 1)
('vanpools', 1)
('chariot', 1)
('getaround', 1)
('assist', 1)
('justpark', 1)
('lion', 1)
('levy', 1)
('intracity', 1)
('ghosn', 1)
('tapestry', 1)
('greener', 1)
('hero', 1)
('yougov', 1)
('jack', 1)
('rony', 1)
('iterative', 1)
('vigilance', 1)
('critique', 1)
('dangling', 1)
('lecture', 1)
('hal', 1)
('brother', 1)
('kite', 1)
('bedfellow', 1)
('math', 1)
('nasa', 1)
('spacex', 1)
('landing', 1)
('mar', 1)
('underlying', 1)
('vibrant', 1)
('needlepoint', 1)
('faires', 1)
('county', 1)
('faire', 1)
('sensibility', 1)
('america', 1)
('tenet', 1)
('chattanooga', 1)
('tennessee', 1)
('pittsburgh', 1)
('techshop', 1)
('defines', 1)
('lang', 1)
('underwater', 1)
('explorer', 1)
('stymie', 1)
('phoenix', 1)
('arizona', 1)
('fabricator', 1)
('enthusiast', 1)
('fluidity', 1)
('taxonomy', 1)
('spawn', 1)
('inception', 1)
('droplet', 1)
('workspace', 1)
('srini', 1)
('pillay', 1)
('default', 1)
('wandering', 1)
('dome', 1)
('criticize', 1)
('techno-optimist', 1)
('breath', 1)
('discord', 1)
('architect', 1)
('dividend', 1)
('tie-in', 1)
('kindle', 1)
('hydration', 1)
('envisions', 1)
('samsungs', 1)
('merchant', 1)
('equip', 1)
('uncertain', 1)
('softbanks', 1)
('diner', 1)
('special', 1)
('battlefield', 1)
('fringe', 1)
('additive-manufacturing', 1)
('nel', 1)
('bat', 1)
('hyperinnovation', 1)
('vocera', 1)
('chill-x', 1)
('pediatrics', 1)
('initiate', 1)
('cross-fertilization', 1)
('terrain', 1)
('airbus', 1)
('kate', 1)
('okeeffe', 1)
('chill', 1)
('unlock', 1)
('philippe', 1)
('sphere', 1)
('cafdirect', 1)
('melinda', 1)
('crop', 1)
('twist', 1)
('newvantage', 1)
('fellow', 1)
('mahidhar', 1)
('give', 1)
('wherewithal', 1)
('specific', 1)
('re-skilling', 1)
('windmill', 1)
('twin', 1)
('zip', 1)
('upgrade', 1)
('point-of-sales', 1)
('allowance', 1)
('skin', 1)
('chatbots', 1)
('describes', 1)
('convert', 1)
('question/answer', 1)
('owning', 1)
('stand-alone', 1)
('closing', 1)
('demo', 1)
('oracle', 1)
('aspiring', 1)
('design-thinking', 1)
('supporter', 1)
('layoff', 1)
('imaging', 1)
('radiologist', 1)
('game-changers', 1)
('moonshot', 1)
('wait', 1)
('macys', 1)
('resiliency', 1)
('big-data', 1)
('courier', 1)
('spike', 1)
('grows', 1)
('stockouts', 1)
('downside', 1)
('absenteeism', 1)
('random', 1)
('domino', 1)
('stockout', 1)
('fill', 1)
('exceeds', 1)
('markdowns', 1)
('toy', 1)
('gmail', 1)
('adsense', 1)
('pure', 1)
('oddball', 1)
('skew', 1)
('feasible', 1)
('subject', 1)
('provision', 1)
('helpful', 1)
('helis', 1)
('lehis', 1)
('lelis', 1)
('framing', 1)
('elevate', 1)
('trumpet', 1)
('band', 1)
('bebop', 1)
('davis', 1)
('swathe', 1)
('masterpiece', 1)
('album', 1)
('gorilla', 1)
('iphones', 1)
('ion', 1)
('harrodsburg', 1)
('down', 1)
('breadth', 1)
('facet', 1)
('categorize', 1)
('tailoring', 1)
('communal', 1)
('mixture', 1)
('coffee', 1)
('entanglement', 1)
('cooperate', 1)
('transgression', 1)
('betrayal', 1)
('leave', 1)
('persist', 1)
('neglect', 1)
('divorce', 1)
('spouse', 1)
('diplomacy', 1)
('ubiquity', 1)
('drain', 1)
('business-to-business', 1)
('undertook', 1)
('diary', 1)
('prospective', 1)
('junk', 1)
('reading', 1)
('concurrent', 1)
('phil', 1)
('simon', 1)
('reexamines', 1)
('fine-tunes', 1)
('dashed-off', 1)
('acknowledgement', 1)
('adage', 1)
('thank', 1)
('gmails', 1)
('inbox', 1)
('calendar', 1)
('sender', 1)
('remains', 1)
('shipbuilder', 1)
('zhang', 1)
('qianwei', 1)
('collect', 1)
('ludwig', 1)
('improvisation', 1)
('monk', 1)
('tanker', 1)
('container', 1)
('renminbi', 1)
('outfitter', 1)
('coaters', 1)
('synchronize', 1)
('depends', 1)
('anchor', 1)
('sunk', 1)
('drawback', 1)
('comprises', 1)
('linkage', 1)
('shipshape', 1)
('lockstep', 1)
('rigidity', 1)
('outfit', 1)
('improvise', 1)
('zuckerberg', 1)
('quaint', 1)
('flowchart', 1)
('mentality', 1)
('heresy', 1)
('roi', 1)
('cheap', 1)
('tco', 1)
('budgeteers', 1)
('adobe', 1)
('complex', 1)
('messy', 1)
('oversimplification', 1)
('boudreau', 1)
('rice', 1)
('like', 1)
('satisfies', 1)
('checkup', 1)
('dentist', 1)
('jerk', 1)
('sugarcoat', 1)
('messenger', 1)
('experimental', 1)
('faulty', 1)
('loses', 1)
('punishment', 1)
('frequent', 1)
('haunt', 1)
('responds', 1)
('abandon-the-ratings', 1)
('manager-employee', 1)
('low-credibility', 1)
('exemplar', 1)
('knew', 1)
('ceb', 1)
('bite', 1)
('lombardo', 1)
('multidimensionality', 1)
('focusing', 1)
('contains', 1)
('provokes', 1)
('valuable', 1)
('derailers', 1)
('mood', 1)
('reinforces', 1)
('adversity', 1)
('modifier', 1)
('self-assessments', 1)
('drawn', 1)
('jour', 1)
('recency', 1)
('welch', 1)
('candor', 1)
('pretend', 1)
('derailment', 1)
('demographic', 1)
('carer', 1)
('augmentation', 1)
('replacement', 1)
('acknowledge', 1)
('longevity', 1)
('leisure', 1)
('chunk', 1)
('transforms', 1)
('keen', 1)
('workweek', 1)
('maternity', 1)
('cooperative', 1)
('novartis', 1)
('publishing', 1)
('freelance', 1)
('klotz', 1)
('extends', 1)
('mine', 1)
('cross-sector', 1)
('remind', 1)
('clash', 1)
('omniscience', 1)
('direction-setters', 1)
('opera', 1)
('foe', 1)
('backroom', 1)
('cpu', 1)
('guangzhou', 1)
('feat', 1)
('paradigm', 1)
('competes', 1)
('prophecy', 1)
('bgi', 1)
('biotech', 1)
('recruiting', 1)
('symbol', 1)
('prosperity', 1)
('prestige', 1)
('feng', 1)
('shui', 1)
('high-quality', 1)
('appropriability', 1)
('filer', 1)
('award', 1)
('zte', 1)
('qualcomm', 1)
('foreigner', 1)
('ruling', 1)
('watchdata', 1)
('defendant', 1)
('mediation', 1)
('proview', 1)
('low-quality', 1)
('foreign-sino', 1)
('baic', 1)
('chery', 1)
('aircraft', 1)
('ministry', 1)
('bid', 1)
('bidder', 1)
('kawasaki22', 1)
('juggernaut', 1)
('cnr', 1)
('crrc', 1)
('merge', 1)
('september', 1)
('kawasaki', 1)
('competitiveness', 1)
('leading-edge', 1)
('independence', 1)
('vi', 1)
('partners-cum-competitors', 1)
('predictability', 1)
('precondition', 1)
('import', 1)
('export', 1)
('reimbursement', 1)
('overengineering', 1)
('ceiling', 1)
('reorientation', 1)
('attorney', 1)
('-reward', 1)
('ideation', 1)
('microprocessor', 1)
('ramp-up', 1)
('specialized', 1)
('crystal', 1)
('diode', 1)
('suicide', 1)
('dissemination', 1)
('wiring', 1)
('conductor', 1)
('interconnect', 1)
('microchip', 1)
('flat-panel', 1)
('subsequent', 1)
('latecomer', 1)
('fifth-generation', 1)
('lcd', 1)
('minimal', 1)
('keystone', 1)
('gamers', 1)
('superpower', 1)
('computerization', 1)
('hand-drawn', 1)
('drawing', 1)
('refinement', 1)
('dual-clutch', 1)
('turbochargers', 1)
('chinese', 1)
('suite', 1)
('acoustic', 1)
('programmability', 1)
('microsatellites', 1)
('plug', 1)
('combustors', 1)
('replicate', 1)
('dependent', 1)
('chipmakers', 1)
('finfets', 1)
('modeling', 1)
('tokushima', 1)
('telecom', 1)
('protect', 1)
('embodiment', 1)
('taiwan', 1)
('tranquility', 1)
('garden', 1)
('differentiator', 1)
('southeast', 1)
('computer-driven-analysis', 1)
('laser', 1)
('cutter', 1)
('streamline', 1)
('leadership1', 1)
('wield', 1)
('turing', 1)
('shkreli', 1)
('handsome', 1)
('ruthless', 1)
('boss', 1)
('coercion', 1)
('trickery', 1)
('motivator', 1)
('exempt', 1)
('destroy', 1)
('hallmark', 1)
('performing', 1)
('salesman', 1)
('self-promoter', 1)
('disarray', 1)
('compunction', 1)
('bent', 1)
('ensuring', 1)
('defend', 1)
('backbone', 1)
('bright', 1)
('please', 1)
('superior', 1)
('fight', 1)
('pushback', 1)
('praise', 1)
('harmony', 1)
('quota', 1)
('heel', 1)
('hurd', 1)
('invitation', 1)
('modesto', 1)
('stanford', 1)
('hurds', 1)
('packard', 1)
('favorite', 1)
('coach5', 1)
('loyal', 1)
('bench', 1)
('mandela', 1)
('alvah', 1)
('miami', 1)
('herald', 1)
('benefactor', 1)
('struck', 1)
('ravage', 1)
('rebuild', 1)
('spearheading', 1)
('permutation', 1)
('leadershipmindsets', 1)
('destiny', 1)
('vacation', 1)
('carr', 1)
('ephemera', 1)
('concentrate', 1)
('charles', 1)
('draft', 1)
('forecaster', 1)
('diet', 1)
('echo', 1)
('chamber', 1)
('browsing', 1)
('archaeology', 1)
('anthropology', 1)
('spine', 1)
('gun', 1)
('germ', 1)
('domestication', 1)
('immunity', 1)
('belarus', 1)
('biology', 1)
('simpson', 1)
('siren', 1)
('newport', 1)
('behaving', 1)
('devote', 1)
('irrelevancy', 1)
('exhaust', 1)
('meta-cognition', 1)
('metaphor', 1)
('consultancy', 1)
('leg', 1)
('collaborative', 1)
('tim', 1)
('broaden', 1)
('contradict', 1)
('devil', 1)
('cabin', 1)
('ponder', 1)
('gatesnotes', 1)
('billionaire', 1)
('reinvent', 1)
('aka', 1)
('jingdong', 1)
('netease', 1)
('three-quarters', 1)
('protectionism', 1)
('excuse', 1)
('oversimplifies', 1)
('tsunami', 1)
('shore', 1)
('backdrop', 1)
('indonesia', 1)
('middle-class', 1)
('caput', 1)
('qr', 1)
('impetus', 1)
('double', 1)
('taobao', 1)
('milieu', 1)
('foothold', 1)
('outpatient', 1)
('friction', 1)
('scoring', 1)
('home-sharing', 1)
('furnishes', 1)
('tencents', 1)
('dingtalk', 1)
('crack', 1)
('homegrown', 1)
('void', 1)
('winning', 1)
('salient', 1)
('contemplate', 1)
('democracy', 1)
('son', 1)
('converse', 1)
('kaj', 1)
('sotala', 1)
('nonexperts', 1)
('confident', 1)
('societal', 1)
('someday', 1)
('marvin', 1)
('minsky', 1)
('father', 1)
('lawn', 1)
('wikipedia', 1)
('youtube', 1)
('hyperconnectivity', 1)
('questionnaire', 1)
('jean', 1)
('shower', 1)
('chatbot', 1)
('completes', 1)
('router', 1)
('crowdforge', 1)
('crowdsources', 1)
('turk', 1)
('pantene', 1)
('shoulder', 1)
('fabric', 1)
('box-office', 1)
('supply-chain', 1)
('promising', 1)
('antiterrorism', 1)
('surprising', 1)
('manifesto', 1)
('manifestation', 1)
('predecessor', 1)
('guarantee', 1)
('transferring', 1)
('winslow', 1)
('formalization', 1)
('adherence', 1)
('flavor', 1)
('go', 1)
('v', 1)
('trainee', 1)
('workaround', 1)
('shortcut', 1)
('briefly', 1)
('compatibility', 1)
('completing', 1)
('andon', 1)
('escalation', 1)
('appropriate', 1)
('migrate', 1)
('shortfall', 1)
('inevitability', 1)
('baton', 1)
('relay', 1)
('runner', 1)
('strip', 1)
('foreman', 1)
('introduce', 1)
('benchmark', 1)
('clerk', 1)
('refinecos', 1)
('verify', 1)
('three-way', 1)
('unsure', 1)
('right-hand', 1)
('dealt', 1)
('endless', 1)
('goodwill', 1)
('catalyzes', 1)
('cottage', 1)
('wonder', 1)
('sparse', 1)
('uniqueness', 1)
('thiel', 1)
('asks', 1)
('computational', 1)
('kahneman', 1)
('linnea', 1)
('gandhi', 1)
('blaser', 1)
('pathology', 1)
('bug', 1)
('herb', 1)
('edwin', 1)
('inkblot', 1)
('prompt', 1)
('compose', 1)
('prescient', 1)
('kickstarter', 1)
('infusion', 1)
('accommodation', 1)
('rejection', 1)
('persistence', 1)
('divergent', 1)
('graphic', 1)
('parc', 1)
('succession', 1)
('walt', 1)
('fantasy', 1)
('marvel', 1)
('lucasfilm', 1)
('superheroes', 1)
('fiction', 1)
('overconfidence', 1)
('avoidance', 1)
('stint', 1)
('bleed', 1)
('offshoot', 1)
('parlance', 1)
('luxury-brand', 1)
('proceeding', 1)
('quantify', 1)
('likelier', 1)
('resolving', 1)
('occurrence', 1)
('add', 1)
('malocclusion', 1)
('invisalign', 1)
('retainer', 1)
('cast', 1)
('alls', 1)
('orthodontist', 1)
('tony', 1)
('pavone', 1)
('ihs', 1)
('markit', 1)
('tune', 1)
('jibe', 1)
('pavones', 1)
('american', 1)
('incredulity', 1)
('skepticism', 1)
('announce', 1)
('hiatus', 1)
('grade', 1)
('hide', 1)
('anticipation', 1)
('hadnt', 1)
('guilt', 1)
('disconnection', 1)
('shot', 1)
('plus', 1)
('minus', 1)
('revealing', 1)
('timer', 1)
('cooking', 1)
('pledge', 1)
('meal', 1)
('self-regulation', 1)
('fruition', 1)
('beath', 1)
('monideepa', 1)
('tarafdar', 1)
('moloney', 1)
('cure', 1)
('gotten', 1)
('precedent', 1)
('qualifies', 1)
('deepmind', 1)
('reprise', 1)
('nightmare', 1)
('adequate', 1)
('england', 1)
('bell', 1)
('meaningful', 1)
('antivirus', 1)
('virus', 1)
('intrusion', 1)
('investigate', 1)
('cyber', 1)
('inadequate', 1)
('night', 1)
('cyberadversaries', 1)
('attacker', 1)
('assumes', 1)
('preparedness', 1)
('gartner', 1)
('posture', 1)
('cisos', 1)
('ciso', 1)
('anti-malware', 1)
('firewall', 1)
('interactivity', 1)
('impedes', 1)
('bullet', 1)
('staffing', 1)
('concert', 1)
('assign', 1)
('redirect', 1)
('coworker', 1)
('businessweek', 1)
('outsourcers', 1)
('etf', 1)
('endowment', 1)
('timber', 1)
('bloomberg', 1)
('dwarf', 1)
('lit', 1)
('psychiatry', 1)
('structuring', 1)
('winter', 1)
('pronouncement', 1)
('monopoly', 1)
('euphoria', 1)
('flywheel', 1)
('attractiveness', 1)
('indomitability', 1)
('tenant', 1)
('franchise', 1)
('relevance', 1)
('occupancy', 1)
('fixed-cost', 1)
('locale', 1)
('counterparty', 1)
('transact', 1)
('observance', 1)
('market-share', 1)
('lending', 1)
('borrower', 1)
('plunge', 1)
('venue', 1)
('equilibrium', 1)
('fetishization', 1)
('complacent', 1)
('conqueror', 1)
('keystroke', 1)
('simplify', 1)
('standardize', 1)
('multiyear', 1)
('micro', 1)
('quicker', 1)
('november', 1)
('mobilepay', 1)
('slovakia', 1)
('predicting', 1)
('stair', 1)
('forth', 1)
('informs', 1)
('whiplash', 1)
('burnout', 1)
('vizcaya', 1)
('argentaria', 1)
('gonzlez', 1)
('on-boarding', 1)
('messaging', 1)
('audi', 1)
('atm', 1)
('deposit', 1)
('mortgage', 1)
('directs', 1)
('spin-off', 1)
('spain', 1)
('mother', 1)
('suffer', 1)
('squiggle', 1)
('sweep', 1)
('haven', 1)
('wherever', 1)
('survival', 1)
('usurper', 1)
('removal', 1)
('go-betweenus', 1)
('mainframe', 1)
('observer', 1)
('forbes', 1)
('darrell', 1)
('rigby', 1)
('sutherland', 1)
('hirotaka', 1)
('riot', 1)
('barclays', 1)
('bayer', 1)
('coo', 1)
('euro', 1)
('june', 1)
('bang', 1)
('reapply', 1)
('spotify', 1)
('post-financial-crisis', 1)
('buy-in', 1)
('rank-and-file', 1)
('schlatmann', 1)
('hill', 1)
('edward', 1)
('kotler', 1)
('theodore', 1)
('levitt', 1)
('variant', 1)
('qbr', 1)
('overlap', 1)
('emerges', 1)
('goal-setting', 1)
('progression', 1)
('tandem', 1)
('big-picture', 1)
('evan', 1)
('apfelbaums', 1)
('maurice', 1)
('martha', 1)
('mangelsdorf', 1)
('tuft', 1)
('beauty', 1)
('susceptibility', 1)
('propensity', 1)
('suspicion', 1)
('gravitate', 1)
('affiliation', 1)
('mistrust', 1)
('fraught', 1)
('disengage', 1)
('clue', 1)
('arrest', 1)
('suspect', 1)
('ive', 1)
('disagree', 1)
('harness', 1)
('learner', 1)
('prevents', 1)
('specie', 1)
('ant', 1)
('zebra', 1)
('abc', 1)
('nightline', 1)
('unfolds', 1)
('allocates', 1)
('establishing', 1)
('latitude', 1)
('burner', 1)
('ideos', 1)
('sanction', 1)
('haphazard', 1)
('interference', 1)
('tend', 1)
('implicit', 1)
('high-technology', 1)
('counter', 1)
('pseudo-experts', 1)
('higher-up', 1)
('wrap', 1)
('alloy', 1)
('wise', 1)
('deprives', 1)
('marine', 1)
('sooner', 1)
('counterintuitive', 1)
('stem', 1)
('radar', 1)
('lyon', 1)
('renault', 1)
('anybody', 1)
('reject', 1)
('nudge', 1)
('multitude', 1)
('codification', 1)
('tacit', 1)
('incorporate', 1)
('remanufacturing', 1)
('sister', 1)
('powertrain', 1)
('kanto', 1)
('internalization', 1)
('proficiency', 1)
('virginia', 1)
('firsthand', 1)
('exhibition', 1)
('hazard', 1)
('cab', 1)
('ii', 1)
('mclaren', 1)
('racing', 1)
('pit', 1)
('individualization', 1)
('groupons', 1)
('supplement', 1)
('non-gaap', 1)
('pricewaterhousecoopers', 1)
('han', 1)
('wal-mart', 1)
('rationale', 1)
('calculates', 1)
('indra', 1)
('severance', 1)
('january', 1)
('outlay', 1)
('accrual', 1)
('downplay', 1)
('windfall', 1)
('telephony', 1)
('jersey', 1)
('counterargument', 1)
('frank', 1)
('post-acquisition', 1)
('remuneration', 1)
('dudley', 1)
('voting', 1)
('valeants', 1)
('announcement', 1)
('worldcom', 1)
('prominence', 1)
('font', 1)
('reasonableness', 1)
('recurrence', 1)
('devaluation', 1)
('endure', 1)
('fasb', 1)
('subtotal', 1)
('comparability', 1)
('disguise', 1)
('freeing', 1)
('workflow', 1)
('accelerate', 1)
('coms', 1)
('cope', 1)
('shortage', 1)
('fish', 1)
('restaurant-quality', 1)
('clientele', 1)
('tupperware', 1)
('visa', 1)
('networking', 1)
('recommend', 1)
('kendall', 1)
('square', 1)
('early-stage', 1)
('chosen', 1)
('tier', 1)
('hoechst', 1)
('monsanto', 1)
('institutionalization', 1)
('fulcrum', 1)
('interacting', 1)
('luster', 1)
('competence/capability', 1)
('bioprocess', 1)
('consortium', 1)
('workshop', 1)
('columbia', 1)
('tsinghua', 1)
('seattle', 1)
('multiparty', 1)
('fellowship', 1)
('co-creation', 1)
('proto-startups', 1)
('setup', 1)
('appoints', 1)
('redefine', 1)
('inconsistency', 1)
('kpi', 1)
('reprioritize', 1)
('b', 1)
('lynn', 1)
('demeanor', 1)
('belies', 1)
('charlotte', 1)
('fingertip', 1)
('centerpiece', 1)
('send', 1)
('metabolism', 1)
('irma', 1)
('understands', 1)
('siloed', 1)
('wrestling', 1)
('academy', 1)
('ideal', 1)
('fossil', 1)
('deregulation', 1)
('amidst', 1)
('accommodate', 1)
('coal', 1)
('signpost', 1)
('articulates', 1)
('segmentation', 1)
('intersection', 1)
('latin', 1)
('believe', 1)
('camp', 1)
('crew', 1)
('c-suites', 1)
('stewardship', 1)
